Abyssal Cry,アビサルクライ
Word of Blades,ブレードの言葉
Edict of Blades,ブレードの布告
Decree of Blades,ブレードの法令
Commandment of Blades,ブレードの戒律
Word of Flames,フレイムの言葉
Edict of Flames,フレイムの布告
Decree of Flames,フレイムの法令
Commandment of Flames,フレイムの戒律
Word of Force,フォースの言葉
Edict of Force,フォースの布告
Decree of Force,フォースの法令
Commandment of Force,フォースの戒律
Word of Frost,フロストの言葉
Edict of Frost,フロストの布告
Decree of Frost,フロストの法令
Commandment of Frost,フロストの戒律
Word of Fury,フューリーの言葉
Edict of Fury,フューリーの布告
Decree of Fury,フューリーの法令
Commandment of Fury,フューリーの戒律
Word of Inferno,インフェルノの言葉
Edict of Inferno,インフェルノの布告
Decree of Inferno,インフェルノの法令
Commandment of Inferno,インフェルノの戒律
Word of Ire,アイアの言葉
Edict of Ire,アイアの布告
Decree of Ire,アイアの法令
Commandment of Ire,アイアの戒律
Word of Light,ライトの言葉
Edict of Light,ライトの布告
Decree of Light,ライトの法令
Commandment of Light,ライトの戒律
Word of Reflection,リフレクションの言葉
Edict of Reflection,リフレクションの布告
Decree of Reflection,反映の布告
Commandment of Reflection,反映の戒律
Word of Spite,悪意の言葉
Edict of Spite,悪意の勅令
Decree of Spite,悪意の布告
Commandment of Spite,悪意の戒律
Word of the Tempest,嵐の言葉
Edict of the Tempest,嵐の勅令
Decree of the Tempest,嵐の布告
Commandment of the Tempest,嵐の戒律
Word of the Grave,墓場の言葉
Edict of the Grave,墓場の勅令
Decree of the Grave,墓場の布告
Commandment of the Grave,墓場の戒律
Word of Thunder,雷の言葉
Edict of Thunder,雷の勅令
Decree of Thunder,雷の布告
Commandment of Thunder,雷の戒律
Word of War,戦の言葉
Edict of War,戦の勅令
Decree of War,戦の布告
Commandment of War,戦の戒律
Word of Winter,冬の言葉
Edict of Winter,冬の勅令
Decree of Winter,冬の布告
Default Attack,デフォルト攻撃
Mortar,迫撃砲
Abberath's Fury,アベラースの怒り
Aspect of the Avian,鳥類の側面
Aspect of the Cat,猫の側面
Aspect of the Crab,蟹の側面
Aspect of the Spider,蜘蛛の側面
Bone Nova,ボーンノヴァ
Cold Aegis,コールドイージス
Consecrate,コンセクレート
Create Lesser Shrine,小規模神殿を作成
Death Walk,死の歩み
Doryani's Touch,ドリヤニの触手
Elemental Aegis,エレメンタルイージス
Elemental Warding,エレメンタルウォーディング
Fire Aegis,ファイアイージス
Fire Burst,ファイアバースト
Icestorm,アイスストーム
Icicle Burst,アイシクルバースト
Illusory Warp,幻惑のワープ
Lightning Aegis,ライトニングイージス
Lightning Bolt,ライトニングボルト
Manifest Dancing Dervish,踊るダルヴィッシュを顕現
Molten Burst,溶岩バースト
Raise Spiders,スパイダー召喚
Shade Form,シェイドフォーム
Shock Ground,ショックグラウンド
Spirit Burst,スピリットバースト
Storm Cascade,ストームカスケード
Summon Bestial Rhoa,獣のロアを召喚
Summon Bestial Snake,獣の蛇を召喚
Summon Bestial Ursa,獣のウルサを召喚
Spectral Spirits,スペクトルスピリッツ
Summon Harbinger of the Arcane,秘術のハービンジャーを召喚
Summon Harbinger of Brutality,残虐のハービンジャーを召喚
Summon Harbinger of Directions,方角のハービンジャーを召喚
Summon Harbinger of Focus,集中力のハービンジャーを召喚
Summon Harbinger of Storms,嵐のハービンジャーを召喚
Summon Harbinger of Time,時のハービンジャー召喚
Summon Spectral Wolf,スペクトラルウルフ召喚
Tentacle Whip,触手鞭
Bone Mortar,骨迫撃砲
Plague,疫病
Rune Blast,ルーンブラスト
Feast of Flesh,フィーストオブフレッシュ
Call of Steel,鋼の呼び声
Combust,燃焼
Brandsurge,ブランドサージ
Embrace Madness,エンブレースマッドネス
Fog of War,戦場の霧
Stalking Pustule,忍び寄る膿疱
Tawhoa's Chosen,タホアの選ばれし者
Physical Aegis,物理イージス
Corpse Walk,死体歩行
Death Wish,死の願望
Animate Guardian's Weapon,ガーディアンの武器活性化
Reflection,鏡像
Unseen Strike,見えざる一撃
Summon Greater Harbinger of the Arcane,秘術の上位ハービンジャー召喚
Summon Greater Harbinger of Brutality,残虐の上位ハービンジャー召喚
Summon Greater Harbinger of Directions,指導の上位ハービンジャー召喚
Summon Greater Harbinger of Focus,集中の上位ハービンジャー召喚
Summon Greater Harbinger of Storms,嵐の上位ハービンジャー召喚
Summon Greater Harbinger of Time,時の上位ハービンジャー召喚
Summon Taunting Contraption,挑発装置召喚
Shield Shatter,シールド粉砕
Void Gaze,ヴォイド凝視
Signal Prey,獲物への合図
Doom Blast,ドゥームブラスト
Void Shot,ヴォイドショット
Arcane Wake,秘術の航跡
Atlas Riftwalk,アトラスリフトウォーク
Barrel Explosion,樽爆発
Bleed Nova,出血ノヴァ
Commandment of Winter,冬の戒律
Consume Bones,骨消費
Contaminate,汚染
Curse Consume,カース消費
Curse Transfer,カース転移
Damage On Movement Skill Use Aura,移動スキル使用時ダメージオーラ
Darktongue's Kiss,ダークタンの口づけ
Doom Arrow,ドゥームアロー
Empowering Howl,強化の遠吠え
Face Last Target,最後のターゲットに向く
Fiery Impact,炎の衝撃
FigureHead Incinerate,フィギュアヘッド焼却
Fire Elemental Cone,火のエレメンタルコーン
Fire Nova Mine,火炎ノヴァマイン
Fire Projectile Retaliation,火炎投射物反撃
Flame Breath,フレイムブレス
Flask Charge Nova,フラスコチャージノヴァ
Flicker Thrust,フリッカースラスト
Focus,フォーカス
Freeze Mine,フリーズマイン
Frost Bolt Channel,フロストボルトチャネリング
Glimpse of Eternity,永遠の垣間見
Goddess Beam,女神ビーム
Goddess Warp,女神ワープ
Gore Shockwave,ゴア衝撃波
Ice Elemental Spear,氷のエレメンタルスピア
Ignite,イグナイト
Inca Boss Freezing Pulse,インカボスフリージングパルス
Increased Damage Taken Aura,被ダメージ増加オーラ
Izaro Warp,イザロ ワープ
Kill,キル
Lightning Clone Retaliation,ライトニング クローン 報復
Petrification Statue,石化像
Physical Degeneration Aura,物理 継続減少 オーラ
Physical Projectile Retaliation,物理 投射物 報復
Piety Beam,パイティ ビーム
Piety Reverse Cleave,パイティ リバース クリーブ
Primal Aegis,プライマル イージス
Rain Of Blades,レイン オブ ブレイズ
Range Finder,レンジファインダー
Rending Steel (NOT CURRENTLY USED),レンディング スチール (現在未使用)
Slow Aura,スローオーラ
Storm Cloud Lightning Warp,ストームクラウド ライトニング ワープ
Summon Doedre's Effigy,ドエドレの分身召喚
Talisman Degen,タリスマン 継続減少
Talisman Summon Lightning Spiral,タリスマン ライトニング スパイラル召喚
Taunt,挑発
Thirst for Blood,血への渇望
Throw,スロー
Throw Dynamite,ダイナマイト投擲
Throw Flare,フレア投擲
Touch Of God,タッチ オブ ゴッド
Unhinge,錯乱設定
Unnamed2,名無しの2
Vaal Fire Trap,ヴァール ファイア トラップ
Vaal Vitality,ヴァール バイタリティ
Vinktar Lightning Bond,ヴィンクタル ライトニング ボンド
Volatile Anomaly,ヴォラタイル アノマリー
Whirling Leap,ウィーリング リーブ
Blood Sacrament,ブラッドサークラメント
Flames of Judgement,フレイム オブ ジャッジメント
Queen's Demand,クイーン ディマンド
Storm of Judgement,ストーム オブ ジャッジメント
Summon Arbalists,アーバリスト召喚
Twister,ツイスター
Absolution,アブソリューション
Alchemist's Mark,アルケミストの呪印
Ambush,アンブッシュ
Ancestral Blademaster,アンセストラルブレードマスター
Ancestral Cry,アンセストラルクライ
Ancestral Protector,アンセストラルプロテクター
Ancestral Warchief,アンセストラルウォーチーフ
Anger,アンガー
Animate Guardian,アニメイトガーディアン
Animate Weapon,アニメイトウェポン
Approaching Flames,アプローチング フレイムズ
Arc,アーク
Arcane Cloak,アーケインクローク
Arcanist Brand,アルカニストブランド
Arctic Armour,アークティックアーマー
Armageddon Brand,アルマゲドンブランド
Artillery Ballista,アーティラリーバリスタ
Assassin's Mark,アサシンの呪印
Backstab,バックスタッブ
Ball Lightning,ボールライトニング
Bane,ベイン
Barrage,バラージ
Battlemage's Cry,バトルメイジズクライ
Bear Trap,ベアトラップ
Berserk,バーサーク
Blade Blast,ブレードブラスト
Blade Flurry,剣の乱舞
Blade Trap,ブレードトラップ
Blade Vortex,ブレードヴォーテックス
Bladefall,ブレードフォール
Bladestorm,ブレードストーム
Blast Rain,ブラストレイン
Blazing Salvo,ブレイジングサルヴォ
Blight,ブライト
Blinding Aura,盲目オーラ
Blink Arrow,ブリンクアロー
Blood and Sand,ブラッドアンドサンド
Blood Offering,ブラッドオファリング
Blood Rage,ブラッドレイジ
Bodyswap,ボディスワップ
Bone Armour,ボーンアーマー
Bone Offering,ボーンオファリング
Boneshatter,ボーンシャッター
Brand Recall,ブランドリコール
Burning Arrow,バーニングアロー
Capture Monster,モンスター捕獲
Caustic Arrow,コースティックアロー
Chain Hook,チェーンフック
Charged Dash,チャージドダッシュ
Clarity,クラリティ
Cleave,クリーヴ
Cobra Lash,コブララッシュ
Cold Snap,コールドスナップ
Conductivity,コンダクティビティ
Consecrated Path,コンセクレイテッドパス
Contagion,コンテージョン
Conversion Trap,コンヴァージョントラップ
Convocation,コンヴォケーション
Corrupting Fever,コラプティングフィーバー
Crackling Lance,クラックリングランス
Creeping Frost,クリーピングフロスト
Cremation,焼却
Cyclone,サイクロン
Damage Infusion,ダメージインフュージョン
Dark Pact,ダークパクト
Dash,ダッシュ
Death Aura,デスオーラ
Decoy Totem,デコイトーテム
Defiance Banner,ディファイアンスバナー
Desecrate,デセクレート
Despair,ディスペア
Destructive Link,ディストラクティブリンク
Determination,ディターミネーション
Detonate Dead,デトネートデッド
Detonate Mines,マイン起爆
Devouring Totem,デヴァワリングトーテム
Direct Ants,ダイレクト アンツ
Discharge,ディスチャージ
Discipline,ディシプリン
Divine Ire,ディヴァインアイア
Dominating Blow,ドミネイティングブロウ
Double Strike,ダブルストライク
Dread Banner,ドレッドバナー
Dual Strike,デュアルストライク
Earthquake,アースクエイク
Earthshatter,アースシャッター
Elemental Hit,エレメンタルヒット
Elemental Projectiles,エレメンタルプロジェクタイル
Elemental Weakness,エレメンタルウィークネス
Enduring Cry,エンデュアリングクライ
Energy Blade,エナジーブレード
Enfeeble,エンフィーブル
Ensnaring Arrow,エンスネアリングアロー
Envy,エンビー
Essence Drain,エッセンスドレイン
Ethereal Knives,イシリアルナイフ
Explosive Arrow,エクスプローシブアロー
Explosive Concoction,エクスプローシブコンコクション
Explosive Trap,エクスプローシブトラップ
Exsanguinate,イグザングイネイト
Eye of Winter,アイオブウィンター
Fire Trap,ファイヤートラップ
Fire Weapon,ファイヤーウェポン
Fireball,ファイヤーボール
Firestorm,ファイヤーストーム
Flame Dash,フレイムダッシュ
Flame Link,フレイムリンク
Flame Surge,フレイムサージ
Flame Wall,フレイムウォール
Flameblast,フレイムブラスト
Flamethrower Trap,フレームスローワートラップ
Flammability,フラマビリティ
Flammable Shot,フレイマブルショット
Flesh and Stone,フレッシュアンドストーン
Flesh Offering,フレッシュオファリング
Flicker Strike,フリッカーストライク
Forbidden Rite,フォビドゥンライト
Freezing Pulse,フリージングパルス
Frenzy,フレンジー
Frost Blades,フロストブレード
Frost Bomb,フロストボム
Frost Shield,フロストシールド
Frost Wall,フロストウォール
Frostbite,フロストバイト
Frostblink,フロストブリンク
Frostbolt,フロストボルト
Frozen Legion,フローズンリージョン
Frozen Sweep,フローズン スウィープ
Galvanic Arrow,ガルヴァニックアロー
Galvanic Field,ガルヴァニックフィールド
General's Cry,ジェネラルズクライ
Glacial Cascade,グレイシャルカスケード
Glacial Hammer,グレイシャルハンマー
Gluttony of Elements,元素の飽食
Grace,グレース
Ground Slam,グラウンドスラム
Haste,ヘイスト
Hatred,ヘイトレッド
Heavy Strike,ヘビーストライク
Herald of Agony,ヘラルドオブアゴニー
Herald of Ash,ヘラルドオブアッシュ
Herald of Blood,ヘラルドオブブラッド
Herald of Ice,ヘラルドオブアイス
Herald of Purity,ヘラルドオブピュリティ
Herald of Thunder,ヘラルドオブサンダー
Hexblast,ヘックスブラスト
Holy Flame Totem,ホーリーフレイムトーテム
Hydrosphere,ハイドロスフィア
Ice Crash,アイスクラッシュ
Ice Nova,アイスノヴァ
Ice Shot,アイスショット
Ice Spear,アイススピアー
Ice Trap,アイストラップ
Icefire,アイスファイヤー
Icicle Mine,アイシクルマイン
Immortal Call,イモータルコール
Incinerate,インシネレート
Infernal Blow,インファーナルブロウ
Infernal Cry,インファーナルクライ
Infernal Sweep,インファーナルスウィープ
Intimidating Cry,インティミデーティングクライ
Intuitive Link,インテュイティブリンク
Kinetic Blast,キネティックブラスト
Kinetic Bolt,キネティックボルト
Lacerate,ラセレイト
Lancing Steel,ランシングスティール
Leap Slam,リープスラム
Lightning Arrow,ライトニングアロー
Lightning Conduit,ライトニングコンジット
Lightning Spire Trap,ライトニングスパイアトラップ
Lightning Strike,ライトニングストライク
Lightning Tendrils,ライトニングテンドリル
Lightning Trap,ライトニングトラップ
Lightning Warp,ライトニングワープ
Malevolence,マレヴォレンス
Manabond,マナボンド
Manifest Dancing Dervishes,マニフェスト ダンシング ダービッシュ
Mirror Arrow,ミラーアロー
Molten Shell,モルテンシェル
Molten Strike,モルテンストライク
Orb of Storms,オーブオブストーム
Penance Brand,ペナンスブランド
Perforate,パーフォレイト
Pestilent Strike,ペスティレントストライク
Petrified Blood,ペトリファイドブラッド
Phase Run,フェーズラン
Plague Bearer,プレイグベアラー
Poacher's Mark,ポーチャーの呪印
Poisonous Concoction,ポイゾナスコンコクション
Polymorph,ポリモーフ
Portal,ポータル
Power Siphon,パワーサイフォン
Precision,プレシジョン
Pride,プライド
Protective Link,プロテクティブリンク
Puncture,パンクチャー
Punishment,パニッシュメント
Purifying Flame,ピュリファイングフレイム
Purity of Elements,ピュリティオブエレメンツ
Purity of Fire,ピュリティオブファイヤー
Purity of Ice,ピュリティオブアイス
Purity of Lightning,ピュリティオブライトニング
Pyroclast Mine,パイロクラストマイン
Rage Vortex,レイジヴォーテックス
Rain of Arrows,レインオブアロー
Raise Spectre,スペクター蘇生
Raise Zombie,ゾンビ蘇生
Rallying Cry,ラリイングクライ
Reap,リープ
Reave,リーヴ
Reckoning,レコニング
Rejuvenation Totem,リジュヴェネーショントーテム
Righteous Fire,ライチャスファイヤー
Righteous Lightning,ライチャスライトニング
Riposte,リップースト
Riptide,リップタイド
Rolling Magma,ローリングマグマ
Scorching Ray,スコーチングレイ
Scourge Arrow,スカージアロー
Searing Bond,シーリングボンド
Seismic Cry,サイズミッククライ
Seismic Trap,サイズミックトラップ
Shadow Blades,シャドウブレード
Shattering Steel,シャタリングスティール
Shield Charge,シールドチャージ
Shield Crush,シールドクラッシュ
Shock Nova,ショックノヴァ
Shockwave,ショックウェーブ
Shockwave Totem,ショックウェーブトーテム
Shrapnel Ballista,シュラプネルバリスタ
Siege Ballista,シージバリスタ
Sigil of Power,シギルオブパワー
Siphoning Trap,サイフォニングトラップ
Smite,スマイト
Smoke Mine,スモークマイン
Snipe,スナイプ
Sniper's Mark,スナイパーの呪印
Soul Link,ソウルリンク
Soulrend,ソウルレンド
Spark,スパーク
Spectral Helix,スペクトラルヘリックス
Spectral Shield Throw,スペクトラルシールドスロー
Spectral Spinning Weapon,スペクトラルスピニングウェポン
Spectral Throw,スペクトラルスロー
Spellslinger,スペルスリンガー
Spirit Offering,スピリットオファリング
Split Arrow,スプリットアロー
Splitting Steel,スプリッティングスティール
Static Strike,スタティックストライク
Static Tether,スタティックテザー
Steelskin,スティールスキン
Storm Brand,ストームブランド
Storm Burst,ストームバースト
Storm Call,ストームコール
Storm Rain,ストームレイン
Stormbind,ストームバインド
Stormblast Mine,ストームブラストマイン
Summon Carrion Golem,キャリオンゴーレム召喚
Summon Chaos Golem,カオスゴーレム召喚
Summon Flame Golem,フレイムゴーレム召喚
Summon Holy Relic,ホーリーレリック召喚
Summon Ice Golem,アイスゴーレム召喚
Summon Lightning Golem,ライトニングゴーレム召喚
Summon Phantasm,ファントム召喚
Summon Raging Spirit,レイジングスピリット召喚
Summon Reaper,リーパー召喚
Summon Skeletons,スケルトン召喚
Summon Skeletons Channelled,チャネリングスケルトン召喚
Summon Skitterbots,スキッターボット召喚
Summon Stone Golem,ストーンゴーレム召喚
Sunder,サンダー
Sweep,スウィープ
Table Charge,テーブル チャージ
Tectonic Slam,テクトニックスラム
Tempest Shield,テンペストシールド
Temporal Chains,テンポラルチェーン
Temporal Rift,テンポラルリフト
Tornado,トルネード
Tornado Shot,トルネードショット
Toxic Rain,トキシックレイン
Unearth,アンアース
Vaal Ancestral Warchief,ヴァールアンセストラルウォーチーフ
Vaal Arc,ヴァールアーク
Vaal Blade Flurry,ヴァールブレードフラリー
Vaal Blade Vortex,ヴァールブレードヴォーテックス
Vaal Blight,ヴァールブライト
Vaal Breach,ヴァールブリーチ
Vaal Burning Arrow,ヴァールバーニングアロー
Vaal Caustic Arrow,ヴァールコースティックアロー
Vaal Clarity,ヴァールクラリティ
Vaal Cleave,ヴァールクリーヴ
Vaal Cold Snap,ヴァールコールドスナップ
Vaal Cyclone,ヴァールサイクロン
Vaal Detonate Dead,ヴァールデトネートデッド
Vaal Discipline,ヴァールディシプリン
Vaal Double Strike,ヴァールダブルストライク
Vaal Earthquake,ヴァールアースクエイク
Vaal Fireball,ヴァールファイヤーボール
Vaal Flameblast,ヴァールフレイムブラスト
Vaal Flesh Offering,ヴァールフレッシュオファリング
Vaal Flicker Strike,ヴァールフリッカーストライク
Vaal Glacial Hammer,ヴァールグレイシャルハンマー
Vaal Grace,ヴァールグレース
Vaal Ground Slam,ヴァールグラウンドスラム
Vaal Haste,ヴァールヘイスト
Vaal Heavy Strike,ヴァールヘビーストライク
Vaal Ice Nova,ヴァールアイスノヴァ
Vaal Immortal Call,ヴァールイモータルコール
Vaal Impurity of Fire,ヴァールインピュリティオブファイヤー
Vaal Impurity of Ice,ヴァールインピュリティオブアイス
Vaal Impurity of Lightning,ヴァールインピュリティオブライトニング
Vaal Lightning Strike,ヴァールライトニングストライク
Vaal Lightning Trap,ヴァールライトニングトラップ
Vaal Lightning Warp,ヴァールライトニングワープ
Vaal Molten Shell,ヴァールモルテンシェル
Vaal Molten Strike,ヴァールモルテンストライク
Vaal Power Siphon,ヴァールパワーサイフォン
Vaal Rain of Arrows,ヴァールレインオブアロー
Vaal Reave,ヴァールリーヴ
Vaal Righteous Fire,ヴァールライチャスファイヤー
Vaal Smite,ヴァールスマイト
Vaal Spark,ヴァールスパーク
Vaal Spectral Throw,ヴァールスペクトラルスロー
Vaal Storm Call,ヴァールストームコール
Vaal Summon Skeletons,ヴァールスケルトン召喚
Vaal Sweep,ヴァールスウィープ
Vaal Venom Gyre,ヴァールヴェノムジャイア
Vaal Volcanic Fissure,ヴァールヴォルカニックフィッシャー
Vampiric Link,ヴァンパイアリンク
Vengeance,復讐
Venom Gyre,ヴェノムジャイア
Vigilant Strike,ヴィジラントストライク
Viper Strike,ヴァイパーストライク
Vitality,バイタリティ
Void Sphere,ヴォイドスフィア
Volatile Dead,ボラタイルデッド
Volcanic Fissure,ヴォルカニックフィッシャー
Voltaxic Burst,ボルタキシックバースト
Vortex,ヴォーテックス設定
Vulnerability,ヴァルネラビリティ
Wand Teleport,ワンドテレポート
War Banner,ウォーバナー
Warlord's Mark,ウォーロードの呪印
Wave of Conviction,ウェーブオブコンヴィクション
Whirling Blades,ワーリングブレード
Wild Strike,ワイルドストライク
Wildfire,発火伝染
Winter Orb,ウィンターオーブ
Wintertide Brand,ウィンタータイドブランド
Wither,ウィザー
Withering Step,ウィザリングステップ
Wrath,ラス
Zealotry,ゼロトリー
Avenging Flame,アベンジング フレア
Bone Corpses,ボーン コープス
Flip a coin,コインを投げる
Gravity Sphere,グラビティ スフィア
Play Dead!,死んだふり！
Playtest Attack,プレイテストアタック
Playtest Slam,プレイテストスラム
Playtest Spell,プレイテストスペル
Prismatic Burst,プリズマティック バースト
Quickstep,クイックステップ
Roll Over!,ゴローン！
Sit!,おすわり！
Stance Swap,スタンス スワップ
Summon Barrel,バレル召喚
Summon Elemental Relic,エレメンタルレリック召喚
Summon Sentinel of Radiance,センチネル・オブ・ラディアンス召喚
Summon Spirit of Ahuana,アフアナの精霊召喚
Summon Spirit of Akoya,アコヤの精霊召喚
Summon Spirit of Ikiaho,イキアホの精霊召喚
Summon Spirit of Kahuturoa,カフトゥロアの精霊召喚
Summon Spirit of Kaom,カオムの精霊召喚
Summon Spirit of Kiloava,キロアヴァの精霊召喚
Summon Spirit of Maata,マアタの精霊召喚
Summon Spirit of Rakiata,ラキアタの精霊召喚
Summon Spirit of Tawhanuku,タワハヌクの精霊召喚
Summon Spirit of Utula,ウトゥラの精霊召喚
Summon Triggerbots,トリガーボット召喚
Vaal Absolution,ヴァールアブソリューション
Vaal Animate Weapon,ヴァールアニメイトウェポン
Vaal Arctic Armour,ヴァールアークティックアーマー
Vaal Domination,ヴァールドミネーション
Vaal Firestorm,ヴァールファイヤーストーム
Vaal Ice Shot,ヴァールアイスショット
Vaal Lightning Arrow,ヴァールライトニングアロー
Vaal Reap,ヴァールリープ
Vaal Rejuvenation Totem,ヴァールリジュヴェネーショントーテム
Vaal Split Arrow,ヴァールスプリットアロー
Who's a Good Doggy?,いい子だ！
Spray Paint Celestial,スプレーペイント・セレスティアル
Spray Paint Magmatic,スプレーペイント・マグマティック
Spray Paint Blood,スプレーペイント・ブラッド
Ground Slam of Earthshaking,動地のグラウンドスラム
Cleave of Rage,憤怒のクリーヴ
Leap Slam of Groundbreaking,鍬入れのリープスラム
Double Strike of Impaling,串刺しのダブルストライク
Double Strike of Momentum,モーメンタムのダブルストライク
Dual Strike of Ambidexterity,両利きのデュアルストライク
Frenzy of Onslaught,猛攻のフレンジー
Caustic Arrow of Poison,毒のコースティックアロー
Detonate Dead of Scavenging,死体漁りのデトネートデッド
Detonate Dead of Chain Reaction,連鎖反応のデトネートデッド
Flicker Strike of Power,力のフリッカーストライク
Split Arrow of Splitting,分裂のスプリットアロー
Cold Snap of Power,力のコールドスナップ
Ice Nova of Frostbolts,フロストボルトのアイスノヴァ
Ice Nova of Deep Freeze,急速冷凍のアイスノヴァ
Arc of Surging,急増のアーク
Arc of Oscillating,振動のアーク
Raise Zombie of Slamming,スラムのゾンビ蘇生
Raise Zombie of Falling,落下のゾンビ蘇生
Righteous Fire of Arcane Devotion,秘術信仰のライチャスファイヤー
Discharge of Misery,悲惨のディスチャージ
Spark of the Nova,ノヴァのスパーク
Spark of Unpredictability,予測不能のスパーク
Ice Spear of Splitting,分裂のアイススピアー
Raise Spectre of Transience,一時性のスペクター蘇生
Infernal Blow of Immolation,焼身のインファーナルブロウ
Glacial Hammer of Shattering,粉砕のグレイシャルハンマー
Viper Strike of the Mamba,マンバのヴァイパーストライク
Summon Skeletons of Archery,アーチェリーのスケルトン召喚
Summon Skeletons of Sorcery,ソーサリーのスケルトン召喚
Dominating Blow of Inspiring,鼓舞のドミネイティングブロウ
Rain of Arrows of Artillery,砲撃のレインオブアロー
Rain of Arrows of Saturation,飽和のレインオブアロー
Firestorm of Meteors,隕石のファイヤーストーム
Firestorm of Pelting,土砂降りのファイヤーストーム
Lightning Strike of Arcing,放電のライトニングストライク
Power Siphon of the Archmage,アークメイジのパワーサイフォン
Lightning Arrow of Electrocution,感電死のライトニングアロー
Burning Arrow of Vigour,活力のバーニングアロー
Bear Trap of Skewers,串のベアトラップ
Fire Trap of Blasting,爆破のファイヤートラップ
Ethereal Knives of Lingering Blades,残存する刃のイシリアルナイフ
Ethereal Knives of the Massacre,殺戮のイシリアルナイフ
Ball Lightning of Orbiting,軌道周回のボールライトニング
Ball Lightning of Static,静止のボールライトニング
Cyclone of Tumult,騒動のサイクロン
Reave of Refraction,屈折のリーヴ
Lightning Trap of Sparking,火花のライトニングトラップ
Animate Guardian of Smiting,スマイトのアニメイトガーディアン
Spectral Throw of Materialising,実体化のスペクトラルスロー
Animate Weapon of Self Reflection,自己投影のアニメイトウェポン
Animate Weapon of Ranged Arms,遠距離武器のアニメイトウェポン
Flameblast of Celerity,迅速のフレイムブラスト
Flameblast of Contraction,収縮のフレイムブラスト
Barrage of Volley Fire,一斉発射のバラージ
Summon Raging Spirit of Enormity,極悪のレイジングスピリット召喚
Flame Surge of Combusting,着火のフレイムサージ
Molten Strike of the Zenith,天頂のモルテンストライク
Tornado Shot of Cloudburst,豪雨のトルネードショット
Lightning Tendrils of Eccentricity,奇行のライトニングテンドリル
Lightning Tendrils of Escalation,増大のライトニングテンドリル
Blink Arrow of Bombarding Clones,爆撃するクローンのブリンクアロー
Blink Arrow of Prismatic Clones,プリズマチッククローンのブリンクアロー
Mirror Arrow of Bombarding Clones,爆撃するクローンのミラーアロー
Mirror Arrow of Prismatic Clones,プリズマチッククローンのミラーアロー
Summon Chaos Golem of Hordes,大群のカオスゴーレム召喚
Summon Chaos Golem of the Maelström,大渦巻のカオスゴーレム召喚
Summon Ice Golem of Hordes,大群のアイスゴーレム召喚
Summon Ice Golem of Shattering,粉砕のアイスゴーレム召喚
Summon Flame Golem of Hordes,大群のフレイムゴーレム召喚
Summon Flame Golem of the Meteor,隕石のフレイムゴーレム召喚
Ice Crash of Cadence,カデンツのアイスクラッシュ
Flame Dash of Incinerating,インシナレーティングのフレイムダッシュ
Flame Dash of Return,帰還のフレイムダッシュ
Frost Blades of Katabasis,カタバシスのフロストブレード
Wild Strike of Extremes,極限のワイルドストライク
Ice Trap of Hollowness,空洞のアイストラップ
Galvanic Arrow of Energy,エネルギーのガルヴァニックアロー
Galvanic Arrow of Surging,サージ電流のガルヴァニックアロー
Bladefall of Volleys,斉射のブレードフォール
Bladefall of Impaling,串刺しのブレードフォール
Frost Bomb of Instability,不安定性のフロストボム
Frost Bomb of Forthcoming,来るべき時のフロストボム
Summon Stone Golem of Hordes,大群のストーンゴーレム召喚
Summon Stone Golem of Safeguarding,保護のストーンゴーレム召喚
Earthquake of Amplification,増幅のアースクエイク
Contagion of Subsiding,弱毒化のコンテ―ジョン
Contagion of Transference,伝染のコンテ―ジョン
Essence Drain of Desperation,自棄のエッセンスドレイン
Essence Drain of Wickedness,邪悪のエッセンスドレイン
Siege Ballista of Splintering,破砕のシージバリスタ
Sunder of Earthbreaking,地砕きのサンダー
Vortex of Projection,投影のヴォーテックス
Blight of Contagion,コンテージョンのブライト
Blight of Atrophy,萎縮のブライト
Blade Flurry of Incision,切開のブレードフラリィ
Summon Lightning Golem of Hordes,大群のライトニングゴーレム召喚
Lacerate of Butchering,屠殺のラセレイト
Lacerate of Haemorrhage,出血のラセレイト
Scorching Ray of Immolation,火炙りのスコーチングレイ
Blade Vortex of the Scythe,大鎌のブレードヴォーテックス
Spectral Shield Throw of Shattering,粉砕のスペクトラルシールドスロー
Volatile Dead of Confinement,拘束のヴォラタイルデッド
Volatile Dead of Seething,沸騰のヴォラタイルデッド
Cremation of Exhuming,死体堀りのクレメーション
Cremation of the Volcano,火山のクレメーション
Bodyswap of Sacrifice,生贄のボディスワップ
Tectonic Slam of Cataclysm,大災害のテクトニックスラム
Explosive Trap of Shrapnel,破片のエクスプローシブトラップ
Explosive Trap of Magnitude,大規模のエクスプローシブトラップ
Lightning Spire Trap of Zapping,通電のライトニングスパイアトラップ
Lightning Spire Trap of Overloading,過負荷のライトニングスパイアトラップ
Seismic Trap of Swells,うねりのサイズミックトラップ
Consecrated Path of Endurance,耐久力のコンセクレイテッドパス
Smite of Divine Judgement,神の裁きのスマイト
Scourge Arrow of Menace,脅威のスカージアロー
Toxic Rain of Sporeburst,胞子破裂のトキシックレイン
Toxic Rain of Withering,衰弱のトキシックレイン
Storm Brand of Indecision,優柔不断のストームブランド
Shattering Steel of Ammunition,弾薬のシャタリングスティール
Armageddon Brand of Volatility,揮発性のアルマゲドンブランド
Armageddon Brand of Recall,リコールのアルマゲドンブランド
Purifying Flame of Revelations,啓示のピュリファイリングフレイム
Soulrend of Reaping,刈り取りのソウルレンド
Soulrend of the Spiral,螺旋のソウルレンド
Bane of Condemnation,糾弾のベイン
Divine Ire of Holy Lightning,聖なる雷のディヴァインアイア
Divine Ire of Disintegration,分解のディヴァインアイア
Holy Flame Totem of Ire,怒りのホーリーフレイムトーテム
Bladestorm of Uncertainty,不確実性のブレードストーム
Perforate of Duality,二重性のパーフォレイト
Perforate of Bloodshed,流血のパーフォレイト
Frostblink of Wintry Blast,冬の暴風のフロストブリンク
Summon Carrion Golem of Hordes,大群のキャリオンゴーレム召喚
Summon Carrion Golem of Scavenging,死体漁りのキャリオンゴーレム召喚
Pyroclast Mine of Sabotage,サボタージュのパイロクラストマイン
Icicle Mine of Fanning,扇形のアイシクルマイン
Icicle Mine of Sabotage,サボタージュのアイシクルマイン
Shrapnel Ballista of Steel,鋼のシュラプネルバリスタ
Stormbind of Teleportation,瞬間移動のストームバインド
Rune Blast of Teleportation,テレポーテーションのルーンブラスト
Kinetic Bolt of Fragmentation,断片化のキネティックボルト
Blade Blast of Unloading,一斉爆破のブレードブラスト
Blade Blast of Dagger Detonation,短剣起爆のブレードブラスト
Penance Brand of Dissipation,放散のペナンスブランド
Penance Brand of Conduction,伝導のペナンスブランド
Earthshatter of Fragility,脆弱のアースシャッター
Earthshatter of Prominence,突出のアースシャッター
Void Sphere of Rending,引き裂きのヴォイドスフィア
Crackling Lance of Branching,枝分かれのクラックリングランス
Crackling Lance of Disintegration,分解のクラックリングランス
Splitting Steel of Ammunition,弾薬のスプリッティングスティール
Lancing Steel of Spraying,乱射のランシングスティール
Glacial Cascade of the Fissure,亀裂のグレイシャルカスケード
Hexblast of Contradiction,矛盾のヘックスブラスト
Hexblast of Havoc,破壊のヘックスブラスト
Exsanguinate of Transmission,伝染のイグザングイネイト
Rage Vortex of Berserking,狂戦士化のレイジヴォーテックス
Absolution of Inspiring,鼓舞のアブソリューション
Blade Trap of Greatswords,大剣のブレードトラップ
Blade Trap of Laceration,裂傷のブレードトラップ
Forbidden Rite of Soul Sacrifice,魂の生贄のフォビドゥンライト
Storm Rain of the Conduit,電導管のストームレイン
Storm Rain of the Fence,電磁柵のストームレイン
Shield Crush of the Chieftain,族長のシールドクラッシュ
Summon Reaper of Revenants,死霊のリーパー召喚
Summon Reaper of Eviscerating,腸抜きのリーパー召喚
Boneshatter of Complex Trauma,複雑性トラウマのボーンシャッター
Boneshatter of Carnage,虐殺のボーンシャッター
Explosive Concoction of Destruction,破壊のエクスプローシブコンコクション
Eye of Winter of Finality,終焉のアイオブウィンター
Eye of Winter of Transience,一時性のアイオブウィンター
Lightning Conduit of the Heavens,天のライトニングコンジット
Galvanic Field of Intensity,強烈なガルヴァニックフィールド
Frozen Legion of Rallying,結集のフローズンリージョン
Volcanic Fissure of Snaking,蛇行のヴォルカニックフィッシャー
Summon Dark Effigy,ダークエフィジー召喚
Barkskin,バークスキン
Penance Mark,ペナンスマーク
Affliction,アフィクション
Pacify,パシファイ
Ravenous,饑い
Elemental Hit of the Spectrum,分光のエレメンタルヒット
Ice Shot of Penetration,貫通のアイスショット
Incinerate of Expanse,拡大のインシネレート
Incinerate of Venting,放出のインシネレート
Kinetic Blast of Clustering,群化のキネティックブラスト
Summon Holy Relic of Conviction,信念のホーリーレリック召喚
Artillery Ballista of Cross Strafe,交差掃射のアーティラリーバリスタ
Artillery Ballista of Focus Fire,集中砲火のアーティラリーバリスタ
Poisonous Concoction of Bouncing,跳ね返りのポイゾナスコンコクション
Tornado of Elemental Turbulence,元素の乱流のトルネード
Transform into Mimic,ミミックに変身
Automation,自動化
Call to Arms,コールトゥアームズ
Summon Sacred Wisps,セイクレッドウィスプ召喚
"Summon an image of Beidat, Archangel of Death",死の天使ベイダトの幻影召喚
"Summon an image of K'tash, the Hate Shepherd",憎悪の羊飼いK'タッシュの幻影召喚
Summon Demon Beast,デーモンビースト召喚
Summon Demon Harpy,デーモンハープー召喚
Summon Demon Imp,デーモンインプ召喚
Summon Pale Angel,ペールエンジェル召喚
Summon Pale Cherubim,ペールケルビム召喚
Summon Pale Servitor,ペールサーヴァター召喚
Abyssal Apparition,アビサルアパリション
Acidic Concoction,アシッドコンコクション
Alchemist's Boon,錬金術師の恩恵
Ancestral Spirits,アンセストラルスピリット
Ancestral Warrior Totem,アンセストラルウォーリアートーテム
Archmage,アーチメイジ
Armour Breaker,アーマーブレイカー
Armour Piercing Rounds,アーマーピアシング弾
Attrition,アトリション
Axe Slash,アックススラッシュ
Barrier Invocation,バリアーインボケーション
Basic Attack,基本攻撃
Basic Bolt,基本ボルト
Battershout,破壊のウォークライ
Bind Spectre,バインドスペクター
Black Powder Blitz,ブラックパウダーブリッツ
Blasphemy,ブラスファミー
Blazing Lance,ブレイジングランス
Bleeding Concoction,ブリーディングコンコクション
Blink,ブリンク
Blood Boil,ブラッドボイル
Blood Hunt,ブラッドハント
Bloodhound's Mark,ブラッドハウンドの呪印
Bloodhound's Mark Explosion,ブラッドハウンドマーク爆発
Bone Blast,ボーンブラスト
Bone Cage,ボーンケージ
Bone Explosion,ボーン爆発
Bone Shrapnel Explosion,ボーンシャラップネル爆発
Bonebreaker,ボーンブレイカー
Bonestorm,ボーンストーム
Bow Shot,ボウショット
Brambles,ブランプル
Burning Inscription,燃焼の刻印
BurningNova,バーニングノヴァ
Burst Shot,バーストショット
Bursting Fen Toad,バースティングフェントード
Called Shots,コールショット
Caltrops,マキビシ
Cast on Block,ブロック時キャスト
Cast on Charm Use,チャーム使用時キャスト
Cast on Critical,クリティカル時キャスト
Cast on Death,死亡時キャスト
Cast on Dodge,ドッジ時キャスト
Cast on Elemental Ailment,元素系状態異常時キャスト
Cast on Freeze,凍結時キャスト
Cast on Ignite,発火時キャスト
Cast on Melee Kill,近接キル時キャスト
Cast on Melee Stun,近接スタン時キャスト
Cast on Minion Death,ミニオン死亡時キャスト
Cast on Shock,ショックフラッシュ
Cast when Damage Taken,被ダメージ時キャスト
Cast when Stunned,被スタン時キャスト
Cast while Channelling,チャネリング中キャスト
Chaos Bolt,カオスボルト
Chaotic Surge,カオティックサージ
Charge Infusion,チャージインフュージョン
Charged Shockwave,チャージドショックウェーブ
Charged Staff,チャージドスタッフ
Claw Stab,クロースタブ
Cluster Grenade,クラスターグレネード
Combat Frenzy,コンバットフレンジー
Comet,コメット
Command: {0} ,コマンド: {0}
Companion: {0},コンパニオン：{0}
Compose Requiem,レクイエム作曲
Consume Corpse,死体を消費
Convalescence,コンヴァレッセンス
Crackling Palm,クラックリングパーム
Crater,クレーター
Crossbow Shot,クロスボウショット
Cull the Weak,カルザウィーク
Curse on Block,ブロック時呪い
Dagger Stab,ダガースタブ
Dark Effigy,ダークエフィジー
Death From Above,空中からの死
Death Storm,デスストーム
Decompose,デコンポーズ
Demon Form,悪魔形態
Detonating Arrow,デトネーティングアロー
Direct Minions,ミニオン操作
Disengage,ディスエンゲージ
Doedre's Dark Design,ドゥードレのダークデザイン
Electrocuting Arrow,エレクトロカッティングアロー
Elemental Conflux,エレメンタルコンフラックス
Elemental Discharge,エレメンタルディチャージ
Elemental Expression,エレメンタルエクスプレッション
Elemental Invocation,エレメンタルインボケーション
Elemental Siphon,エレメンタルサイフォン
Elemental Storm,エレメンタルストーム
Elemental Sundering,エレメンタルサンダーリング
Elemental Surge,エレメンタルサージ
Ember Fusillade,エンバーフシレイド
Emergency Reload,緊急リロード
Encase in Jade,ヒスイの守り
Enervating Nova,エナヴェイティングノヴァ
Enrage,エンレイジ
Escape Shot,エスケープショット
Explosive Demise,爆発的消滅
Explosive Grenade,エクスプローシブグレネード
Explosive Shot,エクスプローシブショット
Explosive Spear,エクスプローシブスピア
Falling Thunder,フォーリングサンダー
Fangs of Frost,ファングオブフロスト
Ferocious Roar,フェロシアスロア
Fiery Death,発火死亡時爆発
Fire Bomb,火炎弾
Fire Spell on Melee Hit,近接ヒット時のファイアスペル
Firebolt,ファイヤーボルト
Flail Strike,フレイルストライク
Flame Pillar,火柱
Flash Grenade,フラッシュグレネード
Forge Hammer,フォージハンマー
Fortifying Cry,フォティファイイングクライ
Fragmentation Rounds,フラグメンテーション弾
Freezing Explosion,フリージング爆発
Freezing Mark,凍結の呪印
Freezing Nova,フリージングノヴァ
Freezing Salvo,フリージングサルヴォ
Freezing Shards,フリージングシャード
Freezing Word,フリージングワード
Frost Darts,フロストダーツ
Frozen Locus,フローズンローカス
Fulminating Concoction,フォーミネイティングコンコクション
Fulmination,フルミネーション
Furious Slam,フューリアススラム
Future-Past,時の交差
Gale Force,ゲイルフォース
Galvanic Shards,ガルヴァニックシャード
Gas Arrow,ガスアロー
Gas Grenade,ガスグレネード
Gathering Storm,ギャザリングストーム
Gemini Surge,ジェミニサージ
Generosity,ジェネロシティ
Ghost Dance,ゴーストダンス
Glacial Bolt,グレイシャルボルト
Glacial Lance,グレイシャルランス
Grim Feast,グリムフィースト
Grim Resurrection,グリム・リザレクション
Grisly Pyre,グリスリー・パイア
Haemocrystals,血の結晶
Hailstorm Rounds,ヘイルストーム弾
Hammer of the Gods,ハンマーオブゴッド
Hand of Chayula,チャユラの手
Heart of Ice,ハートオブアイス
Herald of Plague,ヘラルドオブプレイグ
High Velocity Rounds,ハイベロシティー弾
His Dark Horizon,ヒズダークホライゾン
His Foul Emergence,ヒズフォウルエマージェンス
His Grave Command,ヒズグレーブコマンド
His Scattering Calamity,ヒズスキャタリングカラミティ
His Vile Intrusion,ヒズヴァイルイントリュージョン
His Winnowing Flame,ヒズウィノーイングフレイム
Hydra Familiar,ヒドラ使い魔
Hypothermia,ハイポサーミア
Ice Armour,アイス・アーマー
Ice Bomb,アイス・ボム
Ice Fragments,アイスフラグメント
Ice Shard,アイス・シャード
Ice Shards,アイスシャード
Ice Strike,アイスストライク
Ice-Tipped Arrows,アイストリップアロー
Impale,串刺し
Impurity,インピュリティ
Incendiary Shot,インセンディアリ―ショット
Incendiary Siege Cascade,インセンディアリー・シージ・カスケード
Incendiary Siege Cascade Ammo,インセンディアリー・シージ・カスケード弾薬
Inevitable Agony,インエビタブルアゴニー
Into the Breach,ブリーチ侵入
Iron Ward,アイアンワード
Killing Palm,キリングパーム
Life Remnants,ライフレムナント
Lightless Stalker,ライトレス・ストーカー
Lightning Rod,ライトニングロッド
Lightning Spear,ライトニングスピア
Lightning Storm,ライトニング・ストーム
Lingering Illusion,リンガーリングイリュージョン
Living Bolt,リビング・ボルト
Living Bomb,リビングボム
Living Lightning,リビングライトニング
Load Armour Piercing Rounds,アーマー貫通弾を装填
Load Explosive Shot,爆炎弾を装填
Load Fragmentation Rounds,破片弾を装填
Load Galvanic Shards,ガルバニック・シャードを装填
Load Glacial Bolt,氷結弾を装填
Load Hailstorm Rounds,雹嵐弾を装填
Load High Velocity Rounds,高速弾を装填
Load Ice Shards,アイス・シャードを装填
Load Incendiary Shot,焼夷弾を装填
Load Permafrost Bolts,パーマフロスト・ボルトを装填
Load Plasma Blast,プラズマ・ブラストを装填
Load Rapid Shot,ラピッド・ショットを装填
Load Shockburst Rounds,ショックバースト弾を装填
Load Siege Cascade,シージ・カスケードを装填
Load Stormblast Bolts,ストームブラスト・ボルトを装填
Mace Strike,メイスストライク
Magma Barrier,マグマバリアー
Magma Spray,マグマ・スプレー
Magnetic Salvo,マグネティックサルヴォ
Malice,マリス
Mana Drain,マナドレイン
Mana Flare,マナフレア
Mana Remnants,マナレムナント
Mana Tempest,マナテンペスト
Manifest Weapon,マニフェストウェポン
Mantra of Destruction,マントラオブデストラクション
Mark as prey,獲物としてマーク
Maul,モール
Meditate,メディテート
Mirage Archer,ミラージュアーチャー
Molten Blast,モルテンブラスト
Mortar Cannon,モルタルキャノン
Oil Grenade,オイルグレネード
Overwhelming Presence,オーバーウェルミングプレゼンス
Pain Offering,ペインオファリング
Parry,パリィ
Perfect Strike,パーフェクトストライク
Permafrost Bolts,パーマフロストボルト
Phantasmal Arrow,ファンタズマルアロー
Pinnacle of Power,ピナクルオブパワー
Plague Burst,プレイグ・バースト
Plasma Blast,プラズマブラスト
Poisonburst Arrow,ポイズンバーストアロー
Power Shot,パワー・ショット
Primal Strikes,プライマルストライク
Profane Ritual,プロファンリチュアル
Projectile,投射物
Punch,パンチ
Quarterstaff Strike,クォータースタッフストライク
Quill Burst,クイルバースト
Raging Spirits,レイジングスピリット
Raise Shield,レイズシールド
Rake,レーキ
Rampage,ランページ
Rapid Assault,ラピッドアサルト
Rapid Shot,ラピッドショット
Ravenous Swarm,ラヴェナススウォーム
Reaper's Invocation,リーパーズインボケーション
Requiem,レクイエム
Resonating Shield,レゾーネーティングシールド
Resonating Slam,レゾネーティング・スラム
Revive Skeleton,スケルトンを蘇らせる
Rhoa Mount,ロア騎乗
Ritual Sacrifice,リチュアルサクリファイス
Rolling Slam,ローリングスラム
Runic Tempering,ルーニックテンパリング
Sacrifice,サクリファイス
Scavenged Plating,スカベンジドプレーティング
Scorching Cleave,焦熱の斬撃
Set Shark Bait,サメの餌をセット
Shard Scavenger,シャードスカベンジャー
Shattering Concoction,シャッタリングコンコクション
Shattering Palm,シャタリングパーム
Shattering Roar,破壊の咆哮
Shield Wall,シールドウォール
Shield Wave,シールド・ウェーブ
Shockburst Rounds,ショックバースト弾
Shockchain Arrow,ショックチェインアロー
Shockwave Slam,ショックウェーブ・スラム
Siege Cascade,シージカスケード
Siphon Elements,サイフォンエレメント
Siphoning Strike,サイフォンストライク
Skeletal Arsonist Minion,スケルトン放火魔ミニオン
Skeletal Brute Minion,スケルトン巨漢ミニオン
Skeletal Cleric Minion,スケルトン聖職者ミニオン
Skeletal Frost Mage Minion,スケルトン氷結魔術師ミニオン
Skeletal Reaver Minion,スケルトン強奪者ミニオン
Skeletal Sniper Minion,スケルトン狙撃手ミニオン
Skeletal Storm Mage Minion,スケルトン嵐魔術師ミニオン
Skeletal Warrior Minion,スケルトン戦士ミニオン
Skittering Stone,スキッタリング・ストーン
Snap,スナップ
Solar Orb,ソーラーオーブ
Sorcery Ward,ソーサリーワード
Soul Offering,ソウルオファリング
Soulbreaker,ソウルブレーカー
Spear of Solaris,スピアオブソラリス
Spear Stab,スピアスタブ
Spear Throw,スピアスロー
Spearfield,スピアフィールド
Spectre: {0} ,スペクター: {0}
Spinning Inferno,スピニングインフェルノ
Spiral Volley,スパイラルボレー
Staggering Palm,スタッガリングパーム
Stampede,スタンピード
Stomping Ground Shockwave,踏みつけ衝撃波
Storm Lance,ストームランス
Storm Wave,ストームウェーブ
Stormblast Bolts,ストームブラストボルト
Stormcaller Arrow,ストームコーラーアロー
Summon Ballista Totem,バリスタトーテムを召喚
Summon Companion,コンパニオン召喚
Summon Demon Magus,デーモン・マグスを召喚
Summon Infernal Hound,インファーナルハウンド召喚
Summon Spell Totem,スペル・トーテムを召喚
Summon Wolf,ウルフを召喚
Supercharged Slam,スーパーチャージドスラム
Supporting Fire,サポーティングファイヤー
Sword Slash,ソードスラッシュ
Tame Beast,テイムビースト
Tawhoa's Vengeance,タホワの復讐
Temper Weapon,テンパーウェポン
Tempest Bell,テンペストベル
Tempest Flurry,テンペストフラリィ
Thundergod's Wrath,雷神の怒り
Thunderous Leap,サンダラスリープ
Time Freeze,タイムフリーズ
Time of Need,タイムオブニード
Time Snap,タイムスナップ
Toggle Mount Minion,マウントミニオンを切り替え
Toxic Domain,トキシックドメイン
Toxic Growth,トキシックグロース
Trail of Caltrops,トレイルオブカルトロップ
Triggered Caustic Cloud,トリガーされた腐食性クラウド
Trinity,トリニティ
Unbound Avatar,アンバウンドアバター
Unleash,アンリーシュ
Valako's Charge,ヴァラコチャージ
Vaulting Impact,ヴォルティングインパクト
Vile Effusion,ヴァイル・エフュージョン
Vine Arrow,ヴァインアロー
Void Illusion,ヴォイドイリュージョン
Volcanic Eruption,ボルカニックエラプション
Volcanic Steps,火山性ステップ
Volcano,ボルケーノ
Voltaic Grenade,ヴォルタイークグレネード
Voltaic Mark,電流の呪印
Voltaic Nova,ボルタイック・ノヴァ
Wave of Frost,ウェーブオブフロスト
Whirling Assault,ワーリングアサルト
Whirling Slash,ワーリングスラッシュ
Whirlwind Lance,ワールウィンドランス
Whirlwind Spear,旋風の槍
Wind Blast,ウィンドブラスト
Wind Dancer,ウィンドダンサー
Wind Serpent's Fury,ウィンドサーペントの怒り
Wind Wave,ウィンドウェーブ
Withering Presence,ウィザリングプレゼンス
Assume Disguise,変装
Autoexertion,奮起自動化
Bladefall of Trarthus,トラーサスのブレードフォール
Blast Rain of Trarthus,トラーサスのブラストレイン
Chain Hook of Trarthus,トラーサスのチェーンフック
Crushing Fist,クラッシングフィスト
Dark Pact of Trarthus,トラーサスのダークパクト
Divine Retribution,ディヴァインリトリビューション
Eviscerate,イヴィセレイト
Fury of the Awakener,覚醒者の怒り
Glacial Shield Swipe,グレイシャルシールドスワイプ
Heavy Strike of Trarthus,トラーサスのヘビーストライク
Ignition Blast,イグニッションブラスト
Jet of Flame,ジェットオブフレイム
Memory of Desire,欲望の記憶
Memory of Disbelief,不信の記憶
Memory of Familiarity,親近感の記憶
Memory of Impatience,焦燥の記憶
Memory of Impulsiveness,衝動の記憶
Memory of Mocking,嘲りの記憶
Memory of Panic,パニックの記憶
Memory of Suspicion,疑念の記憶
Order: To me!,命令：来い！
Puncture of Shanking,刃物のパンクチャー
Shaper's Despair,シェイパーのディスペア
Shaper's Devastation,シェイパーの壊滅
Shaper's Ire,シェイパーの怒り
Siege Ballista of Trarthus,トラーサスのシージバリスタ
Spectral Helix of Trarthus,トラーサスのスペクトラルヘリックス
Spectral Shield Throw of Trarthus,トラーサスのスペクトラルシールドスロー
Spectral Throw of Trarthus,トラーサスのスペクトラルスロー
Starfall,スターフォール
Storm Call of Trarthus,トラーサスのストームコール
Summon Shaper Memory,シェイパーの記憶召喚
Summon Skeletons of Archers,弓使いのスケルトン召喚
Summon Skeletons of Mages,魔術師のスケルトン召喚
Summon Visiting Harbinger of Focus,フォーカスの訪問ハービンジャー召喚
Summon Visiting Harbinger of the Arcane,秘術の訪問ハービンジャー召喚
Summon Visiting Harbinger of Time,時の訪問ハービンジャー召喚
Summon Void Spawn,ボイドスローン召喚
Sunder of Trarthus,トラーサスのサンダー
Swordstorm,ソードストーム
Vengeful Cry,ヴェンジフルクライ
Wave of Conviction of Trarthus,トラーサスのウェーブオブコンビクション
Arm Whack,アームウィック
Call the Pyre,コールザパイア
Command Graft,コマンドグラフト
Conflagration,コンフラグレーション
Dance in the White,ダンスインザホワイト
Enervating Grasp,エナーヴェイティンググラスプ
Falling Crystals,ファオーリングクリスタル
Glowing Silhouette,グローイングシルエット
Heart of Flame,炎の心
Herald of the Hive,巣窟のヘラルド
His Burning Message,ヒズバーニングメッセージ
Icicles,アイシクル
Kinetic Anomaly,キネティックアノマリー
Kinetic Flux,キネティックフラックス
Kinetic Fusillade,キネティックフューシレイド
Kinetic Rain,キネティックレイン
Kinetic Rain of Impact,着弾のキネティックレイン
Living Lightning Zap,リビングライトニングザップ
Misty Reflection,ミスティリフレクション
Overcharged Sinews,オーバーチャージドシニュー
Preserving Stillness,プリザービングスティルネス
Return to Dust,リターントゥダスト
Seize the Flesh,シーズザフレッシュ
Somatic Shell,ソマティックシェル
Summon Living Lightning,リビングライトニング召喚
Summon Spectral Tiger,スペクトラルタイガー召喚
Tender Embrace,テンダーエンブレイス
The Great Avalanche,グレートアバランチ
The Grey Wind Howls,グレイウィンドハウル
Thunderburst,サンダーバースト
Thunderstorm,サンダーストーム
Violent Desire,バイオレントデザイア
Wall of Force,ウォールオブフォース
Ward Shatter,ウォードシャッター
Will of the Lords,ロードの意志
Windburst,ウィンドバースト
Wreathed in Light,リースドインザライト
Accelerated Growth,成長の加速
Align Fate,運命の調和
Annihilation,壊滅
Apocalypse,アポカリプス
Arctic Howl,アークティックハウル
Briarpatch,ブライアパッチ
Cackling Companions,ハイエナコンパニオン
Catalysing Discharge,触媒放電
Coursing Current,雷の奔流
Crash Lightning,クラッシュライトニング
Creeping Chill,クリーピングチル
Cross Slash,クロススラッシュ
Deadly Resolve,決死の覚悟
Devour,デバウアー
Electromagnetism,エレクトロマグネティズム
Empowered Sparks,エンパワースパークス
Entangle,エンタングル
Eternal Rage,エターナルレイジ
Fan the Flames,火に油を注げ
Feral Invocation,フェラルインヴォケーション
Fiery Reclamation,炎の再生
Fury of the Mountain,フューリーオブザマウンテン
Hailstorm,ヘイルストーム
Kelari's Brutality,ケラリの残虐性
Kelari's Deception,ケラリの欺き
Kelari's Judgment,ケラリの裁き
Kelari's Malediction,ケラリの呪詛
"Kelari, the Tainted Sands",汚染された砂、ケラリ
Lunar Assault,ルナーアサルト
Lunar Blessing,ルナーブレッシング
Meteor,メテオ
Meteors,メテオズ
Mirage Deadeye,ミラージュデッドアイ
Mirror of Refraction,屈折の鏡
Molten Crash,モルテンクラッシュ
Moment of Vulnerability,無防備の瞬間
Moonbeam,ムーンビーム
Navira's Calming,ナヴィラの鎮静
Navira's Embrace,ナヴィラの抱擁
Navira's Fracturing,ナヴィラの破砕
Navira's Oasis,ナヴィラのオアシス
Navira's Well,ナヴィラの井戸
"Navira, the Last Mirage",最期の蜃気楼、ナヴィラ
Oil Barrage,オイルバラージ
Poison Spores,毒胞子
Pounce,パウンス
Predator's Mark,プレデターの印
Primal Avatar,プライマルアバター
Rend,レンド
Ruzhan's Brand,ルジャンの刻印
Ruzhan's Fury,ルザンの怒り
Ruzhan's Reckoning,ルザンの清算
Ruzhan's Trap,ルザンの罠
Ruzhan's Zealotry,ルジャンの狂信
"Ruzhan, the Blazing Sword",灼熱の剣、ルザン
Sandblast,サンドブラスト
Savage Fury,サベージフューリー
Shattering Spite,シャタリングスパイト
Shred,シュレッド
Spell Totem,スペルトーテム
Static Shocks,スタティックショック
Thrashing Vines,スラッシングヴァイン
Walking Calamity,ウォーキングカラミティ
Wing Blast,ウィングブラスト
Wolf Pack,ウルフパック
Blazing Glare,灼熱の凝視
Bursting Toad,バーストトード
Caustic Retribution,腐食する報復
Ceaseless Flesh,絶え間ない肉
Charged Dash of Projection,投影のチャージドダッシュ
Cinders,シンダーズ
Creeping Frost of Floes,流氷のクリーピングフロスト
Divine Blast,ディバインブラスト
Fissure,フィッシャー
Flamethrower Trap of Stability,安定性のフレイムスロワートラップ
Foulgrasp,ファウルグラップ
Frost Wall of Encroachment,圧迫のフロストウォール
Holy Hammers,ホーリーハンマー
Holy Strike,ホーリーストライク
Holy Sweep,ホーリースウィープ
Kinetic Fusillade of Detonation,起爆のキネティックフューシレイド
Mesmerize,メズマライズ
Orb of Storms of Squalls,スコールのオーブオブストーム
Return to Mirage Portal,ミラージュポータルへ帰還
Rings of Light,リングスオブライト
Searing Bond of Detonation,起爆のシーリングボンド
Shield of Light,シールドオブライト
Shock Nova of Procession,行進のショックノヴァ
Shockwave Totem of Authority,権威のショックウェーブトーテム
Siphoning Trap of Pain,苦痛のサイフォニングトラップ
Static Strike of Gathering Lightning,雷集めのスタティックストライク
Storm Burst of Repulsion,反発のストームバースト
Summon Hiveborn,ハイヴボーン召喚
Suspend in Time,タイムサスペンドインタイム
Tears of Rot,腐敗の涙
Void Shockwave,ヴォイドショックウェーブ
Voidstorm,ヴォイドストーム
