Golden Mantle,黄金の外套
Shabby Jerkin,ぼろぼろの胴着
Glorious Leather,栄光の革鎧
Coronal Leather,王冠の革鎧
Cutthroat's Garb,人殺しの服
Sharkskin Tunic,鮫皮のチュニック
Destiny Leather,運命の革鎧
Exquisite Leather,極上の革鎧
Zodiac Leather,ゾディアックレザー
Assassin's Garb,暗殺者の服
Strapped Leather,ストラップ付き皮鎧
Buckskin Tunic,鹿皮のチュニック
Wild Leather,野生の革鎧
Full Leather,総革の革鎧
Sun Leather,太陽の革鎧
Thief's Garb,盗賊の服
Eelskin Tunic,鰻皮のチュニック
Frontier Leather,開拓者の革鎧
Padded Vest,パッド入りベスト
Crimson Raiment,真紅の装束
Lacquered Garb,染色された服
Crypt Armour,クリプトアーマー
Sentinel Jacket,センチネルジャケット
Varnished Coat,バーニッシュコート
Blood Raiment,血色の装束
Sadist Garb,サディストの服
Carnal Armour,カーナルアーマー
Oiled Vest,オイルベスト
Padded Jacket,パッド入りジャケット
Oiled Coat,オイルコート
Scarlet Raiment,緋色の装束
Waxed Garb,ワックスされた服
Bone Armour,ボーンアーマー
Quilted Jacket,キルトジャケット
Sleek Coat,お洒落なコート
Simple Robe,シンプルローブ
Conjurer's Vestment,魔法使いの法衣
Spidersilk Robe,蜘蛛糸のローブ
Destroyer Regalia,破壊者のレガリア
Savant's Robe,学識者のローブ
Necromancer Silks,ネクロマンサーの絹物
Occultist's Vestment,オカルティストの法衣
Widowsilk Robe,ウィドウシルクローブ
Vaal Regalia,ヴァールレガリア
Silken Vest,絹のベスト
Scholar's Robe,学者のローブ
Silken Garb,シルクの服
Mage's Vestment,魔導士の法衣
Silk Robe,絹のローブ
Cabalist Regalia,カバリストレガリア
Sage's Robe,賢者のローブ
Silken Wrap,シルクの上着
Plate Vest,プレートベスト
Sun Plate,太陽のプレート
Colosseum Plate,コロシアムプレート
Majestic Plate,荘厳なプレート
Golden Plate,黄金のプレート
Crusader Plate,聖戦士のプレート
Astral Plate,アストラルプレート
Gladiator Plate,グラディエータープレート
Glorious Plate,栄光のプレート
Chestplate,胸当て
Copper Plate,銅のプレート
War Plate,戦のプレート
Full Plate,フルプレート
Arena Plate,闘技場のプレート
Lordly Plate,誇り高きプレート
Bronze Plate,青銅のプレート
Battle Plate,バトルプレート
Scale Vest,鱗のベスト
Full Wyrmscale,ワームスケールのフルアーマー
Commander's Brigandine,指揮者のブリガンダイン
Battle Lamellar,バトルラメラー
Dragonscale Doublet,龍鱗のダブレット
Desert Brigandine,砂漠のブリガンダイン
Full Dragonscale,龍鱗のフルアーマー
General's Brigandine,将軍のブリガンダイン
Triumphant Lamellar,勝利のラメラー
Light Brigandine,ライトブリガンダイン
Scale Doublet,鱗のダブレット
Infantry Brigandine,歩兵のブリガンダイン
Full Scale Armour,フルスケールアーマー
Soldier's Brigandine,兵士のブリガンダイン
Field Lamellar,フィールドラメラー
Wyrmscale Doublet,ワームスケールダブレット
Hussar Brigandine,騎兵のブリガンダイン
Sacrificial Garb,生贄の服
Chainmail Vest,チェーンメイルベスト
Ornate Ringmail,華美なリングメイル
Chain Hauberk,チェーンホバーク
Devout Chainmail,信者のチェーンメイル
Loricated Ringmail,強化リングメイル
Conquest Chainmail,征服のチェーンメイル
Elegant Ringmail,上品なリングメイル
Saint's Hauberk,聖者のホバーク
Saintly Chainmail,聖人のチェーンメイル
Chainmail Tunic,チェーンメイルチュニック
Ringmail Coat,リングメイルコート
Chainmail Doublet,チェーンメイルダブレット
Full Ringmail,フルリングメイル
Full Chainmail,フルチェーンメイル
Holy Chainmail,聖なるチェーンメイル
Latticed Ringmail,格子状のリングメイル
Crusader Chainmail,聖戦士のチェーンメイル
Two-Toned Boots,ツートンカラーブーツ
Golden Caligae,黄金のカリガ
Rawhide Boots,生皮のブーツ
Goathide Boots,山羊皮のブーツ
Deerskin Boots,鹿皮のブーツ
Nubuck Boots,ヌバックブーツ
Eelskin Boots,鰻皮のブーツ
Sharkskin Boots,鮫皮のブーツ
Shagreen Boots,粒起皮のブーツ
Stealth Boots,ステルスブーツ
Slink Boots,スリンクブーツ
Wrapped Boots,覆われたブーツ
Strapped Boots,ストラップブーツ
Clasped Boots,留め具付きブーツ
Shackled Boots,枷のブーツ
Trapper Boots,罠猟師のブーツ
Ambush Boots,伏兵のブーツ
Carnal Boots,カーナルブーツ
Assassin's Boots,暗殺者のブーツ
Murder Boots,殺人者のブーツ
Wool Shoes,羊毛の靴
Velvet Slippers,ビロードの履物
Silk Slippers,シルクの履物
Scholar Boots,学者のブーツ
Satin Slippers,サテンの履物
Samite Slippers,絹の履物
Conjurer Boots,魔法使いのブーツ
Arcanist Slippers,秘術師の履物
Sorcerer Boots,魔術師のブーツ
Iron Greaves,鉄のグリーヴ
Steel Greaves,鋼のグリーヴ
Plated Greaves,プレートグリーヴ
Reinforced Greaves,強化されたグリーヴ
Antique Greaves,骨董品のグリーヴ
Ancient Greaves,古代のグリーヴ
Goliath Greaves,ゴライアスグリーヴ
Vaal Greaves,ヴァールのグリーヴ
Titan Greaves,タイタングリーヴ
Leatherscale Boots,革鱗のブーツ
Ironscale Boots,鉄鱗のブーツ
Bronzescale Boots,青銅鱗のブーツ
Steelscale Boots,鋼鱗のブーツ
Serpentscale Boots,蛇皮のブーツ
Wyrmscale Boots,大蛇鱗のブーツ
Hydrascale Boots,ヒュドラ鱗のブーツ
Dragonscale Boots,竜鱗のブーツ
Chain Boots,チェーンブーツ
Ringmail Boots,リングメイルブーツ
Mesh Boots,メッシュブーツ
Riveted Boots,リベットブーツ
Zealot Boots,狂信者のブーツ
Soldier Boots,兵士のブーツ
Legion Boots,軍隊のブーツ
Crusader Boots,聖戦士のブーツ
Gripped Gloves,グリップ付きグローブ
Fingerless Silk Gloves,指無しの絹のグローブ
Spiked Gloves,棘のグローブ
Golden Bracers,黄金のブレーサー
Rawhide Gloves,生皮のグローブ
Goathide Gloves,山羊皮のグローブ
Deerskin Gloves,鹿皮のグローブ
Nubuck Gloves,ヌバックのグローブ
Eelskin Gloves,鰻皮のグローブ
Sharkskin Gloves,鮫皮のグローブ
Shagreen Gloves,粒起皮のグローブ
Stealth Gloves,ステルスグローブ
Slink Gloves,スリンクグローブ
Wrapped Mitts,覆われたミット
Strapped Mitts,ストラップミット
Clasped Mitts,留め具付きミット
Trapper Mitts,猟師のミット
Ambush Mitts,伏兵のミット
Carnal Mitts,カーナルミット
Assassin's Mitts,暗殺者のミット
Murder Mitts,殺人者のミット
Wool Gloves,羊毛のグローブ
Velvet Gloves,ビロードのグローブ
Silk Gloves,絹のグローブ
Embroidered Gloves,刺繍入りの手袋
Satin Gloves,繻子のグローブ
Samite Gloves,絹織物のグローブ
Conjurer Gloves,魔法使いのグローブ
Arcanist Gloves,秘術師のグローブ
Sorcerer Gloves,魔術師のグローブ
Iron Gauntlets,鉄のガントレット
Plated Gauntlets,プレートガントレット
Bronze Gauntlets,青銅のガントレット
Steel Gauntlets,鋼のガントレット
Antique Gauntlets,骨董品のガントレット
Ancient Gauntlets,古代のガントレット
Goliath Gauntlets,ゴライアスガントレット
Vaal Gauntlets,ヴァールガントレット
Titan Gauntlets,タイタンガントレット
Fishscale Gauntlets,魚鱗のガントレット
Ironscale Gauntlets,鉄鱗のガントレット
Bronzescale Gauntlets,青銅鱗のガントレット
Steelscale Gauntlets,鋼鱗のガントレット
Serpentscale Gauntlets,蛇鱗のガントレット
Wyrmscale Gauntlets,大蛇鱗のガントレット
Hydrascale Gauntlets,ヒュドラ鱗のガントレット
Dragonscale Gauntlets,龍鱗のガントレット
Chain Gloves,チェーングローブ
Ringmail Gloves,リングメイルグローブ
Mesh Gloves,メッシュグローブ
Riveted Gloves,リベットグローブ
Zealot Gloves,狂信者のグローブ
Soldier Gloves,兵士のグローブ
Legion Gloves,軍隊のグローブ
Crusader Gloves,聖戦士のグローブ
Bone Helmet,骨のヘルメット
Golden Visage,黄金の顔飾り
Leather Cap,皮の帽子
Lion Pelt,ライオンの毛皮
Tricorne,三角帽
Leather Hood,皮のフード
Wolf Pelt,狼の毛皮
Hunter Hood,狩人のフード
Noble Tricorne,高貴な三角帽
Ursine Pelt,熊の毛皮
Silken Hood,シルクのフード
Sinner Tricorne,罪人の三角帽
Scare Mask,恐怖の仮面
Vaal Mask,ヴァールの仮面
Deicide Mask,神殺しの仮面
Plague Mask,疫病の仮面
Iron Mask,鉄の仮面
Festival Mask,祭典の仮面
Golden Mask,黄金の仮面
Raven Mask,大鴉の仮面
Callous Mask,無情の仮面
Regicide Mask,王殺しの仮面
Harlequin Mask,ハーレクインの仮面
Vine Circlet,つるのサークレット
Mind Cage,精神の檻
Hubris Circlet,ヒュブリスサークレット
Iron Circlet,鉄のサークレット
Torture Cage,拷問檻
Tribal Circlet,部族のサークレット
Bone Circlet,骨のサークレット
Lunaris Circlet,ルナリスサークレット
Steel Circlet,鋼のサークレット
Necromancer Circlet,ネクロマンサーサークレット
Solaris Circlet,ソラリスサークレット
Iron Hat,鉄の帽子
Royal Burgonet,王族のバーゴネット
Eternal Burgonet,永久のバーゴネット
Cone Helmet,円錐のヘルメット
Barbute Helmet,バービュートヘルメット
Close Helmet,クローズヘルメット
Gladiator Helmet,グラディエーターヘルメット
Reaver Helmet,略奪者のヘルメット
Siege Helmet,包囲のヘルメット
Samite Helmet,サマイト・ヘルメット
Ezomyte Burgonet,エゾマイトバーゴネット
Battered Helm,ぼろぼろのヘルム
Nightmare Bascinet,悪夢のバシネット
Sallet,サーリット
Visored Sallet,バイザー付きサーリット
Gilded Sallet,金メッキのサーリット
Secutor Helm,追撃闘士のヘルム
Fencer Helm,剣士のヘルム
Lacquered Helmet,漆塗のヘルメット
Fluted Bascinet,溝付きバシネット
Pig-Faced Bascinet,豚顔のバシネット
Rusted Coif,錆びついた頭巾
Praetor Crown,法務官の冠
Soldier Helmet,兵士のヘルメット
Great Helmet,グレートヘルム
Crusader Helmet,聖戦士のヘルメット
Aventail Helmet,鋼鉄フード付きヘルメット
Zealot Helmet,狂信者のヘルメット
Great Crown,グレートクラウン
Magistrate Crown,裁判官の冠
Prophet Crown,預言者の冠
Golden Wreath,黄金の花冠
Golden Flame,黄金の炎
Goathide Buckler,山羊皮のバックラー
Battle Buckler,バトルバックラー
Golden Buckler,黄金のバックラー
Ironwood Buckler,アイアンウッドバックラー
Lacquered Buckler,漆塗のバックラー
Vaal Buckler,ヴァールバックラー
Crusader Buckler,聖戦士のバックラー
Imperial Buckler,帝国のバックラー
Pine Buckler,松のバックラー
Painted Buckler,彩色されたバックラー
Hammered Buckler,鍛造されたバックラー
War Buckler,ウォーバックラー
Gilded Buckler,金メッキのバックラー
Oak Buckler,オークのバックラー
Enameled Buckler,エナメルバックラー
Corrugated Buckler,波型のバックラー
Spiked Bundle,釘の束
Alder Spiked Shield,ハンノキスパイクシールド
Ezomyte Spiked Shield,エゾマイトスパイクシールド
Mirrored Spiked Shield,鏡面のスパイクシールド
Supreme Spiked Shield,至高のスパイクシールド
Driftwood Spiked Shield,流木のスパイクシールド
Alloyed Spiked Shield,合金のスパイクシールド
Burnished Spiked Shield,艶のあるスパイクシールド
Ornate Spiked Shield,華美なスパイクシールド
Redwood Spiked Shield,セコイアスパイクシールド
Compound Spiked Shield,コンパウンドスパイクシールド
Polished Spiked Shield,磨かれたスパイクシールド
Sovereign Spiked Shield,君主のスパイクシールド
Twig Spirit Shield,小枝のスピリットシールド
Chiming Spirit Shield,鐘のスピリットシールド
Thorium Spirit Shield,トリウムのスピリットシールド
Lacewood Spirit Shield,レースウッドのスピリットシールド
Fossilised Spirit Shield,化石化したスピリットシールド
Vaal Spirit Shield,ヴァールスピリットシールド
Harmonic Spirit Shield,ハーモニーのスピリットシールド
Titanium Spirit Shield,チタンスピリットシールド
Yew Spirit Shield,イチイのスピリットシールド
Bone Spirit Shield,骨のスピリットシールド
Tarnished Spirit Shield,色褪せたスピリットシールド
Jingling Spirit Shield,鈴のスピリットシールド
Brass Spirit Shield,真鍮のスピリットシールド
Walnut Spirit Shield,胡桃のスピリットシールド
Ivory Spirit Shield,象牙のスピリットシールド
Ancient Spirit Shield,古代のスピリットシールド
Splintered Tower Shield,割れたタワーシールド
Bronze Tower Shield,青銅のタワーシールド
Girded Tower Shield,補強されたタワーシールド
Crested Tower Shield,紋章のタワーシールド
Shagreen Tower Shield,粒起皮のタワーシールド
Ebony Tower Shield,黒檀のタワーシールド
Ezomyte Tower Shield,エゾマイトタワーシールド
Colossal Tower Shield,巨大なタワーシールド
Pinnacle Tower Shield,天頂のタワーシールド
Corroded Tower Shield,腐食したタワーシールド
Rawhide Tower Shield,生皮のタワーシールド
Cedar Tower Shield,杉のタワーシールド
Copper Tower Shield,銅のタワーシールド
Reinforced Tower Shield,強化されたタワーシールド
Painted Tower Shield,彩色されたタワーシールド
Buckskin Tower Shield,鹿皮のタワーシールド
Mahogany Tower Shield,マホガニータワーシールド
Rotted Round Shield,腐ったラウンドシールド
Teak Round Shield,チークラウンドシールド
Spiny Round Shield,棘のラウンドシールド
Cardinal Round Shield,枢機卿のラウンドシールド
Elegant Round Shield,エレガントラウンドシールド
Fir Round Shield,モミ材のラウンドシールド
Studded Round Shield,スタッド付きラウンドシールド
Scarlet Round Shield,緋色のラウンドシールド
Splendid Round Shield,立派なラウンドシールド
Maple Round Shield,楓のラウンドシールド
Spiked Round Shield,釘のラウンドシールド
Crimson Round Shield,真紅のラウンドシールド
Baroque Round Shield,バロックラウンドシールド
Plank Kite Shield,木のカイトシールド
Branded Kite Shield,焼き印のカイトシールド
Champion Kite Shield,チャンピオンカイトシールド
Mosaic Kite Shield,モザイクカイトシールド
Archon Kite Shield,アルコンカイトシールド
Linden Kite Shield,菩提樹のカイトシールド
Reinforced Kite Shield,強化されたカイトシールド
Layered Kite Shield,層状のカイトシールド
Ceremonial Kite Shield,儀式用カイトシールド
Etched Kite Shield,エッチングカイトシールド
Steel Kite Shield,鋼のカイトシールド
Laminated Kite Shield,薄板のカイトシールド
Angelic Kite Shield,天使のカイトシールド
Cured Quiver,治癒の矢筒
Fire Arrow Quiver,炎の矢筒
Broadhead Arrow Quiver,太矢じりの矢筒
Penetrating Arrow Quiver,貫通の矢筒
Spike-Point Arrow Quiver,尖った矢筒
Ornate Quiver,華美な矢筒
Rugged Quiver,頑丈な矢筒
Conductive Quiver,導電の矢筒
Heavy Quiver,重い矢筒
Light Quiver,軽い矢筒
Serrated Arrow Quiver,鋸歯の矢筒
Two-Point Arrow Quiver,二股の矢筒
Sharktooth Arrow Quiver,鮫歯の矢筒
Blunt Arrow Quiver,鈍頭の矢筒
Taxing Gauntlets,課税のガントレット
Gruelling Gauntlets,過酷なガントレット
Debilitation Gauntlets,弱体化のガントレット
Gauche Gloves,ゴーシュ・グローブ
Southswing Gloves,サウススイング・グローブ
Sinistral Gloves,シニストラル・グローブ
Leyline Gloves,聖道のグローブ
Aetherwind Gloves,霊気風のグローブ
Nexus Gloves,連鎖のグローブ
Basemetal Treads,ベースメタルトレッド
Darksteel Treads,ダークスティールトレッド
Brimstone Treads,ブリムストーントレッド
Kaom's Greaves,カオムのグリーヴ
Cloudwhisper Boots,雲囁のブーツ
Windbreak Boots,防風のブーツ
Stormrider Boots,ストームライダーブーツ
Duskwalk Slippers,夕闇の履物
Nightwind Slippers,夜風の履物
Dreamquest Slippers,夢旅の履物
Avian Slippers,鳥の履物
Kaom's Plate,カオムのプレート
Samnite Helmet,サムナイトヘルメット
Sorrow Mask,悲哀の仮面
Atonement Mask,贖罪の仮面
Penitent Mask,悔悛の仮面
Imp Crown,邪鬼の冠
Demon Crown,悪魔の冠
Archdemon Crown,大悪魔の冠
Gale Crown,疾風の冠
Winter Crown,冬の冠
Blizzard Crown,雪嵐の冠
Apothecary's Gloves,薬剤師のグローブ
Runic Gloves,ルーングローブ
Runic Gages,ルーンゲイジ
Runic Gauntlets,ルーンガントレット
Fugitive Boots,逃亡者のブーツ
Runic Greaves,ルーングリーヴ
Runic Sollerets,ルーンソレレット
Runic Sabatons,ルーンサバトン
Grasping Mail,グラスピングメイル
Runic Helm,ルーンヘルム
Runic Crest,ルーンクレスト
Runic Crown,ルーンの冠
Ambu's Charge,アンブのチャージ
Ashrend,アッシュレンド
Belly of the Beast,魔獣の腹
Bramblejack,ブランブルジャック
Briskwrap,ブリスクラップ
Bronn's Lithe,ブロンのしなやかさ
Carcass Jack,カーカスジャック
Cloak of Flame,炎のクローク
Cloak of Defiance,反抗のクローク
The Covenant,契約
Daresso's Defiance,ダレッソの反抗
Death's Oath,デスオース
Foxshade,フォックスシェード
Hyrri's Ire,ハイリの怒り
Icetomb,アイストゥーム
Incandescent Heart,インカンデセントハート
Infernal Mantle,インファーナルマントル
Kaom's Heart,カオムの心臓
Lightbane Raiment,ライトベインライメント
Lightning Coil,ライトニング・コイル
Queen of the Forest,森の女王
Shavronne's Wrappings,シャヴロンヌのラップウィングス
Solaris Lorica,ソラリスロリカ
Soul Mantle,魂の外套
Tabula Rasa,タビュラ・ラサ
Thousand Ribbons,サウザンドリボン
Vis Mortis,ヴィズ・モーティス
Voll's Protector,ヴォールの保護具
Zahndethus' Cassock,ザンデトゥスのカソック
Alberon's Warpath,アルベロンの戦靴
Atziri's Step,アッツィリの歩み
The Blood Dance,ブラッドダンス
Bones of Ullr,ウルルの骨
Darkray Vectors,ダークレイ・ベクトル
Deerstalker,ディアストーカー
Demigod's Stride,デミゴッドの歩み
Dusktoe,ダスクトー
Goldwyrm,ゴールドウィルム
Lioneye's Paws,ライオネイズポウズ
Victario's Flight,ヴィクタリオの疾走
Rainbowstride,レインボーストライド
Shavronne's Pace,シャヴロンヌの歩み
Sin Trek,シン・トレック
Sundance,サンダンス
Wake of Destruction,破滅の軌跡
Wanderlust,ワンダーラスト
Windscream,ウィンドスクリーム
Wondertrap,ワンダートラップ
Asenath's Gentle Touch,アセナスの優しい指先
Atziri's Acuity,アッツィリの鋭敏さ
Aurseize,オアシーズ
Demigod's Touch,デミゴッドの指先
Meginord's Vise,メギノルドのバイス
Doedre's Tenure,ドードゥリの才能
Facebreaker,フェイスブレイカー
Voidbringer,ボイドブリンガー
Hrimsorrow,フリムソー
Lochtonial Caress,ロクトニアルの愛撫
Maligaro's Virtuosity,マリガロの妙技
Ondar's Clasp,オンダースクラスプ
Sadima's Touch,サディマの指先
Shackles of the Wretched,哀れな者の手枷
Slitherpinch,スリザーピンチ
Snakebite,スネークバイト
Thunderfist,サンダーフィスト
Vaal Caress,ヴァールカレス
Abyssus,アビュッソス
Alpha's Howl,アルファの遠吠え
Asenath's Mark,アセナスの印
The Bringer of Rain,雨をもたらすもの
Chitus' Apex,チトゥスの頂点
Crown of Eyes,目の王冠
Crown of Thorns,茨の冠
Deidbell,ディードベル
Demigod's Triumph,デミゴッドの勝利
Devoto's Devotion,デヴォートの信心
Ezomyte Peak,エゾマイトピーク
Fairgraves' Tricorne,フェアグレイヴスのトライコーン
Geofri's Crest,ジェオフリーズクレスト
Goldrim,ゴールドリム
The Gull,ザ・ガル
Heatshiver,ヒートシヴァー
Honourhome,オナーホーム
Hrimnor's Resolve,フリムノアズリゾルブ
Leer Cast,リアー・キャスト
Malachai's Simula,マラカイのシミュラクラム
Mindspiral,マインドスパイラル
The Peregrine,ザ・ペレグリン
Rat's Nest,ラッツネスト
Rime Gaze,ライムゲイズム・ゲイズ
Skullhead,スカルヘッド
Starkonja's Head,スターコンジャの頭
The Three Dragons,三頭のドラゴン
Veil of the Night,夜の帳
The Vertex,バーテックス
Atziri's Splendour,アッツィリの栄耀
Kaom's Roots,カオムの根
Flesh and Spirit,肉と魂
Shadows and Dust,影と塵
Gang's Momentum,ギャングのモーメンタム
Cherrubim's Maleficence,ケルビムの悪意
Null and Void,虚無と虚無
Nomic's Storm,ノミックの嵐
Scold's Bridle,叱責の手綱
The Broken Crown,壊れた王冠
The Rat Cage,鼠の檻
Greed's Embrace,貪欲の抱擁
Tear of Entropy,エントロピーの涙
Black Sun Crest,黒い太陽の紋章
Empire's Grasp,帝国の掴み
Lioneye's Vision,ライオネイズ・ビジョン
Doedre's Scorn,ドードレの嘲り
Southbound,サウスバウンド
The Restless Ward,レストレス・ウォード
Repentance,リペンタンス
Kingsguard,キングスガード
Ironweld,アイアンウェルド
Ghostmarch,ゴーストマーチ
Deadman's Hand,デッドマンズ・ハンド
Vizaru's Folly,ビザルズ・フォリー
Kalisa's Grace,カリサズ・グレース
Arimagius' Honor,アリマギウス・オナー
Wurmfist,ワー厶フィスト
Dewath's Hide,デューウェス・ハイド
Doryani's Fist,ドリヤニの拳
Crown of the Pale King,ペールキングの王冠
Surgebinders,サージバインダーズ
Victario's Influence,ビクトリオズ・インフルエンス
Brinerot Whalers,ブリネロット・ホイラーズ
Mutewind Whispersteps,ミューテウィンド・ウィスパーズテップス
Redblade Tramplers,レッドブレイド・トランプラーズ
Ylfeban's Trickery,イルフェバンズ・トリッキー
Steppan Eard,ステッパン・イアード
Winds of Change,ウィンズ・オブ・チェンジ
Skyforth,スカイフォース
Demigod's Dominance,デミゴッズ・ドミネンス
Wyrmsign,ワイァームサイン
Geofri's Sanctuary,ジェオフリーズ・サンクチュアリ
Seven-League Step,セブンリーグ・ステップ
Heretic's Veil,ヘレティックス・ベール
Viper's Scales,バイパーズ・スケイルズ
The Beast Fur Shawl,タムズ・イー・イズリーズ・ショール
Cloak of Tawm'r Isley,タムズ・イー・イズリーズ・クローク
Veruso's Battering Rams,ヴェルーソの破城槌
Three-step Assault,スリーステップ・アサルト
Cospri's Will,コスプリの意志
Wall of Brambles,ウォール・オブ・ブランプス
Kintsugi,キンツギ
Shavronne's Gambit,シャヴロンズ・ギャンビット
Ezomyte Hold,エゾミート・ホールド
Deidbellow,デイデベロウ
Martyr's Crown,マーターズ・クラウン
Hrimburn,フリムバーン
Death's Door,デス・ドア
Grip of the Council,グリップ・オブ・ザ・カウンシル
Mind of the Council,評議会の精神
Spiritskin,スピリッツキン
Tinkerskin,ティンカーズキン
Rumblemarch,ランブルマーチ
The Brass Dome,真鍮のドーム
Kitava's Thirst,キタヴァズ・サースト
Obscurantis,オブスキュランティス
Voidwalker,ボイドウォーカー
Shaper's Touch,シェイパーズ・タッチ
The Formless Flame,フォームレス・フレイム
The Formless Inferno,フォームレス・インフェルノ
Voll's Vision,ヴォールズ・ビジョン
The Infinite Pursuit,無限の追跡
The Red Trail,赤き軌道
Malachai's Vision,マラカイズ・ビジョン
The Snowblind Grace,スノーブラインド・グレース
The Perfect Form,パーフェクト・フォーム
Skin of the Loyal,忠臣の皮膚
Skin of the Lords,スキン・オブ・ザ・ロード
The Brine Crown,ブライネ・クラウン
Gruthkul's Pelt,グルスカルズ・ペルト
Abberath's Hooves,アベラス・フーフス
Garukhan's Flight,ガルカンス・フライト
The Baron,バロン
Haemophilia,ヘモフィリア
Ahn's Contempt,アーンズ・コンテンプト
Prospero's Vault,プロスペローズ・ヴォールト
Speaker's Wreath,スピーカーズ・リース
Inya's Epiphany,イニャズ・エピファニー
Volkuur's Guidance,ボルクールズ・ガイダンス
The Coming Calamity,迫り来る災難
Eber's Unification,エバーズ・ユニフィケーション
Yriel's Fostering,ユリエルの養育
The Tempest's Binding,ザ・テンペストズ・バインディング
Dendrobate,デンドロベイト
Allelopathy,アレロパシー
The Embalmer,ジ・エンバーマー
Dialla's Malefaction,ディアーラズ・マレファクション
Malachai's Mark,マラカイズ・マーク
Stormcharger,ストームチャージャー
Wraithlord,レイスロード
Giantsbane,ジャイアンツベイン
Inpulsa's Broken Heart,インパルサズ・ブロークンハート
Memory Vault,メモリー・ヴォールト
Doedre's Skin,ドエドレズ・スキン
Ralakesh's Impatience,ララケシュズ・インペイシェンス
Bubonic Trail,ブボニック・トレイル
Oskarm,オスカーン
Bloodbond,ブラッドボンド
Blasphemer's Grasp,ブラスフェマーズ・グラスプ
Lightpoacher,ライトポアチャー
Tombfist,トゥームフィスト
Shroud of the Lightless,シュラウド・オブ・ザ・ライトレス
Craiceann's Chitin,クライシアンズ・カイティン
Craiceann's Pincers,クライシアンズ・ピンサーズ
Craiceann's Tracks,クライシアンズ・トラックス
Craiceann's Carapace,クライシアンズ・カラペース
Greedtrap,グリードトラップ
Fox's Fortune,フォックスズ・フォーチュン
Gorgon's Gaze,ゴルゴンズ・ゲイズ
Doedre's Malevolence,ドエドレズ・マレボレンス
Farrul's Fur,ファーラルズ・ファー
Fenumus' Shroud,フェヌムス・シュラウド
Saqawal's Winds,サカワルズ・ウィンズ
Windshriek,ウィンドシュリーク
Indigon,インディゴン
Farrul's Bite,ファーラルズ・バイト
Farrul's Pounce,ファーラルズ・パウンス
Farrul's Chase,ファーラルズ・チェイス
Saqawal's Nest,サカワルズ・ネスト
Saqawal's Talons,サカワルズ・タロンズ
Saqawal's Flock,サカワルズ・フロック
Fenumus' Toxins,フェヌムス・トキシンズ
Fenumus' Weave,フェヌムス・ウィーブ
Fenumus' Spinnerets,フェヌムス・スピナレッツ
Chains of Command,チェインズ・オブ・コマンド
Mark of the Red Covenant,マーク・オブ・ザ・レッド・コヴェナント
Loreweave,ローリーヴ
Sunspite,サンスパイト
Wildwrap,ワイルドラップ
Crystal Vault,クリスタル・ヴォールト
Frostferno,フロストフェルノ
Malachai's Awakening,マラカイズ・アウェイクニング
Duskblight,ダスクブライト
Asenath's Chant,アセナス・チャント
Meginord's Vigour,メギノーズ・ヴィガー
Honourhold,オナーホールド
Mask of the Spirit Drinker,マスク・オブ・ザ・スピリット・ドリンカー
Slavedriver's Hand,スレイブドライバーズ・ハンド
Mask of the Stitched Demon,縫合されし悪魔の仮面
Dance of the Offered,ダンス・オブ・ジ・オファード
Omeyocan,オメヨカン
Architect's Hand,建築家の手
Shadowstitch,シャドウ・ステッチ
Command of the Pit,奈落の支配
Crown of the Tyrant,暴君の王冠
Demon Stitcher,デーモン・ステッチャー
Doryani's Delusion,ドリヤニの妄執
Geofri's Legacy,ジェオフリの遺産
Curtain Call,カーテンコール
The Iron Fortress,鉄の要塞
Hale Negator,ヘイル・ネゲーター
Lawbreaker,法を破る者
Ullr's Advent,ウルルの到来
Worldcarver,ワールドカーヴァー
The Devouring Diadem,むさぼり食う王冠
Flamesight,フレイムサイト
The Queen's Hunger,女王の飢餓
Farsight,ファイトサイト
Galesight,ゲイルサイト
Thundersight,サンダーサイト
Waycarver,ウェイカーヴァー
Storm's Gift,嵐の贈り物
The Eternity Shroud,永遠のシュラウド
Vixen's Entrapment,ヴィクセンの罠
Mask of the Tribunal,審判官の仮面
March of the Legion,リージョンの行進
Offering to the Serpent,蛇への捧げ物
Garb of the Ephemeral,エフェメラルの装束
Demigod's Immortality,デミゴッドの不滅
Aukuna's Will,アウクナの意志
Maw of Conquest,征服者の顎
Wreath of Phrecia,フレシアの装飾冠
Fractal Thoughts,フラクタル・シンク
The Stampede,スタンピード
Triad Grip,トライアド・グリップ
Machina Mitts,マシーナ・ミッツ
Torchoak Step,トーチオーク・ステップ
Cowl of the Cryophile,クライオファイルの兜
Rotting Legion,腐敗するリージョン
Cowl of the Thermophile,サーモファイルの兜
Cowl of the Ceraunophile,ケラウノファイルの兜
Breathstealer,ブレスティーラー
Sporeguard,スポアガード
Hands of the High Templar,ハイ・テンプラーの手
Crown of the Inward Eye,内なる眼の王冠
The Ivory Tower,象牙の塔
Painseeker,ペインシーカー
Eye of Malice,悪意の眼
Perfidy,背信行為
Algor Mortis,アルゴル・モルティス
Assailum,アセイラム
Beacon of Madness,狂気の灯火
Battlehaste,バトルヘイスト
Doryani's Prototype,ドリヤニの試作品
Abhorrent Interrogation,忌まわしき尋問
Great Old One's Tentacles,グレート・オールド・ワンの触手
Fleshcrafter,フレッシュクラフター
The Tempest's Liberation,テンペストの解放
Forbidden Shako,禁断のシャコ
Plume of Pursuit,追跡者の羽根飾り
Usurper's Penance,座を奪う者の苦行
Corpsewalker,死体歩き
Replica Lioneye's Paws,レプリカ・ライオネイズ・ポーズ
Replica Abyssus,レプリカ・アビスス
Replica Atziri's Acuity,レプリカ・アジリの鋭敏
Replica Kalisa's Grace,レプリカ・カリサの恵み
Replica Ambu's Charge,レプリカ・アンブのチャージ
Replica Shroud of the Lightless,レプリカ・シャウド・オブ・ザ・ライトレス
Maw of Mischief,マウ・オブ・ミシチフ
Replica Kaom's Heart,レプリカ・カオムの心臓
Expedition's End,エクスペディションズ・エンド
Replica Perfect Form,レプリカ・パーフェクト・フォーム
Replica Loreweave,レプリカ・ロアウィーブ
Replica Three-step Assault,レプリカ・スリーステップ・アサルト
Replica Allelopathy,レプリカ・アレルパシー
Replica Alpha's Howl,レプリカ・アルファズ・ハウ
Replica Forbidden Shako,レプリカ・フォービドゥン・シャコ
Replica Restless Ward,レプリカ・レストレス・ウォード
Replica Farrul's Fur,レプリカ・ファルルズ・ファー
Replica Eternity Shroud,レプリカ・エターニティ・シュラウド
Replica Alberon's Warpath,レプリカ・アルベロンズ・ウォークパス
Replica Stampede,レプリカ・スタンペード
Replica Voidwalker,レプリカ・ボイドウォーカー
Replica Grip of the Council,レプリカ・グリップ・オブ・ザ・カウンシル
Replica Volkuur's Guidance,レプリカ・ボルクアーズ・ガイダンス
Replica Leer Cast,レプリカ・リア・キャスト
Willclash,ウィルクラッシュ
Replica Red Trail,レプリカ・赤の軌跡
Replica Bones of Ullr,レプリカ・ウルズの骨
Replica Inya's Epiphany,レプリカ・イニヤの啓示
Replica Veil of the Night,レプリカ・ヴェール・オブ・ザ・ナイト
Mercenary's Lot,傭兵の領分
Blunderbore,ブランダーボア
The Admiral,ジ・アドミラル
Crest of Desire,クレスト・オブ・デザイア
The Fledgling,ザ・フリジリング
Legacy of Fury,レガシー・オブ・フューリー
Hand of the Fervent,ハンド・オブ・ザ・ファーベント
Ancient Skull,エンシェント・スカル
Viridi's Veil,ヴィリディスのヴェール
Doppelgänger Guise,ドッペルゲンガー・ガイズ
Glimpse of Chaos,混沌の片鱗
Hateforge,ヘイトフォージ
Temptation Step,テンプテーション・ステップ
Faithguard,フェイスガード
Cadigan's Crown,カディガンズ・クラウン
Nightgrip,ナイトグリップ
Medved's Challenge,メドヴェッズ・チャレンジ
Vorana's March,ヴォラナの行進
Olroth's Charge,オルロスのチャージ
Stasis Prison,ステイシス・プリズン
Gravebind,グレーヴバインド
Sudden Dawn,サドン・ドーン
Ceaseless Feast,シーズレス・フィースト
Inextricable Fate,イネクストリケブル・フェイト
Black Zenith,ブラック・ゼニス
Echoes of Creation,エコーズ・オブ・クリエーション
Kaom's Spirit,カオムの魂
Soul Ascension,ソウル・アセンション
Ghostwrithe,ゴーストライズ
Thrillsteel,スリルスティール
Elevore,エレボアー
Annihilation's Approach,アナイアレーションズ・アプローチ
Entropic Devastation,エントロピック・デヴァステーション
Dawnstrider,ドーンストライダー
Sandstorm Visage,砂嵐の容貌
Wilma's Requital,ウィルマス・リクィタル
Tanu Ahi,タヌ・アヒ
Stormseeker,ストームシーカー
Kahuturoa's Certainty,カフトゥロアの確信
Orbala's Stand,オルバラのスタンド
Utula's Hunger,ウトゥーラの飢え
The Fourth Vow,ザ・フォース・ヴァウ
Blood Price,血の対価
El'Abin's Visage,エル・アビンのヴィザージ
Akoya's Gaze,アコヤの凝視
The Trickster's Smile,トリックスターの微笑み
Pragmatism,プラグマティズム
Replica Covenant,契約（レプリカ）
Gamblesprint,ギャンブルスプリント
Replica Heatshiver,ヒートシヴァー（レプリカ）
Replica Hyrri's Ire,ハイリの怒り（レプリカ）
The Celestial Brace,ザ・セレステイアル・ブレイス
Ravenous Passion,貪欲な情熱
The Hand of Phrecia,フレシアの手
Veruso's Ambition,ヴェルーソの野望
The Apostate,背教者
The Devourer of Minds,精神を貪る者
The Tempest Rising,高まる嵐
Apprentice Gloves,弟子のグローブ
Warlock Gloves,ウォーロックグローブ
Warlock Boots,ウォーロックブーツ
Conquest Helmet,征服のヘルメット
Necrotic Armour,死霊術のアーマー
General's Helmet,将軍のヘルメット
Conqueror's Helmet,征服者のヘルメット
Giantslayer Helmet,巨人狩りのヘルメット
Dire Pelt,ダイアの毛皮
Lich's Circlet,リッチのサークレット
Knight Helm,騎士のヘルム
Admiral's Arrogance,提督の傲慢
Spinehail,スパインヘイル
Vile Arrow Quiver,卑劣な矢筒
Kaom's Command,カオムの命令
Mightblood Ire,マイトブラッドの怒り
Ironwood Tincture,鉄木のチンキ
The Arkhon's Tools,アルコーンの道具
Feathered Arrow Quiver,羽根付きの矢筒
Azadi Crest,アザディの紋章
The Battle Within,内なる戦い
Betrayal's Sting,裏切りの一刺し
Binds of Bloody Vengeance,血塗られた復讐の枷
Blazing Arrow Quiver,灼熱の矢筒
Bound by Destiny,運命に縛られし者
Cadigan's Authority,カディガンの権威
Coiling Whisper,とぐろ巻く囁き
The Dark Monarch,闇の王
Maelstrom Staff,メイルストロムスタッフ
Doppelganger Guise,ドッペルゲンガーの仮面
Iron Flask,アイアンフラスコ
Enmity's Embrace,敵意の抱擁
Grasping Nightshade,束縛するベラドンナ
Sporebloom Tincture,胞子花のチンキ
Hand of Heresy,異端の手
Martyr Gloves,殉教者のグローブ
The Hateful Accuser,憎悪する告発者
Nameless Ring,名もなき指輪
Howlcrack,ハウルクラック
Stocky Mitts,丈夫なミット
Riveted Mitts,リベット付きミット
Tempered Mitts,強化ミット
Bolstered Mitts,補強ミット
Moulded Mitts,成形ミット
Detailed Mitts,緻密なミット
Titan Mitts,タイタンのミット
Grand Mitts,グランドミット
Suede Bracers,なめし革の弓籠手
Firm Bracers,頑丈な弓籠手
Bound Bracers,固定式の弓籠手
Sectioned Bracers,分割式の弓籠手
Spined Bracers,針付きの弓籠手
Fine Bracers,上質な弓籠手
Hardened Bracers,強化された弓籠手
Engraved Bracers,彫り込まれた弓籠手
Torn Gloves,破れた手袋
Sombre Gloves,地味な手袋
Stitched Gloves,縫い合わされた手袋
Jewelled Gloves,宝石をあしらった手袋
Intricate Gloves,手の込んだ手袋
Pauascale Gloves,パウアスケール手袋
Adorned Gloves,装飾のある手袋
Ringmail Gauntlets,リングメイルガントレット
Layered Gauntlets,レイヤーガントレット
Doubled Gauntlets,二重のガントレット
Plate Gauntlets,プレートガントレット
Burnished Gauntlets,艶のあるガントレット
Ornate Gauntlets,華美なガントレット
Rope Cuffs,縄のカフス
Aged Cuffs,古いカフス
Goldcast Cuffs,ゴールドキャストカフス
Verisium Cuffs,ヴェリシウムのカフス
Righteous Cuffs,高潔のカフス
Signet Cuffs,印章のカフス
Gauze Wraps,金網のラップ
Linen Wraps,リネンのラップ
Spiral Wraps,スパイラルラップ
Buckled Wraps,バックル付きのラップ
Furtive Wraps,ファーティブラップ
Utility Wraps,ユーティリティラップ
Grand Manchettes,荘厳なマンシェット
Plated Mitts,プレートミット
Elegant Mitts,エレガントミット
Ancient Mitts,古代のミット
Feathered Mitts,羽根付きのミット
Hunting Bracers,狩りの弓籠手
Swift Bracers,アマツバメの弓籠手
Refined Bracers,洗練された弓籠手
Spiked Bracers,スパイク付きの弓籠手
Ominous Gloves,不気味な手袋
Embellished Gloves,装飾付き手袋
Baroque Gloves,バロックの手袋
Gold Gloves,金の手袋
Ironmail Gauntlets,アイアンメイルガントレット
Captain Gauntlets,部隊長のガントレット
Zealot Gauntlets,狂信者のガントレット
Braided Cuffs,編組のカフス
Heirloom Cuffs,家宝のカフス
Ornate Cuffs,華美なカフス
Bandage Wraps,バンテージラップ
Cambric Wraps,キャンブリックのラップ
Adorned Wraps,装飾のあるラップ
Knightly Mitts,騎士のミット
Ornate Mitts,華美なミット
Vaal Mitts,ヴァールのミット
Massive Mitts,巨大なミット
Stalking Bracers,追跡者の弓籠手
Grand Bracers,荘厳な弓籠手
Barbed Bracers,トゲ付きの弓籠手
Polished Bracers,磨かれた弓籠手
Grim Gloves,不気味な手袋
Opulent Gloves,絢爛な手袋
Vaal Gloves,ヴァールの手袋
Sirenscale Gloves,サイレーンスケイルの手袋
Steelmail Gauntlets,スチールメイルガントレット
Commander Gauntlets,コマンダーガントレット
Cultist Gauntlets,崇拝者のガントレット
Blacksteel Gauntlets,ブラックスティールガントレット
Bound Cuffs,縛られたカフス
Ancient Cuffs,古代のカフス
Gleaming Cuffs,輝くカフス
Adherent Cuffs,密着のカフス
War Wraps,ウォーラップ
Elegant Wraps,エレガントラップ
Vaal Wraps,ヴァールのラップ
Secured Wraps,固定されたラップ
Rough Greaves,粗末なグリーヴ
Bronze Greaves,青銅のグリーヴ
Trimmed Greaves,整ったグリーヴ
Stone Greaves,石のグリーヴ
Reefsteel Greaves,リーフスチールグリーヴ
Monument Greaves,モニュメントグリーヴ
Totemic Greaves,トーテムのグリーヴ
Laced Boots,レースのブーツ
Embossed Boots,エンボスのブーツ
Steeltoe Boots,スチールトーブーツ
Lizardscale Boots,リザードスケールブーツ
Flared Boots,フレアブーツ
Leatherplate Boots,レザープレートブーツ
Embroidered Boots,刺繍入りブーツ
Straw Sandals,麦わらのサンダル
Wrapped Sandals,ラップサンダル
Lattice Sandals,ラティスサンダル
Feathered Sandals,羽根付きのサンダル
Flax Sandals,亜麻のサンダル
Studded Sandals,鋲付きのサンダル
Elaborate Sandals,凝ったサンダル
Mail Sabatons,メイルサバトン
Braced Sabatons,ブレースサバトン
Stacked Sabatons,多層サバトン
Covered Sabatons,カバードサバトン
Flexile Sabatons,フレキシブルサバトン
Bold Sabatons,ボールドサバトン
Padded Leggings,パッド入りのレギンス
Secured Leggings,堅牢なレギンス
Pelt Leggings,生皮のレギンス
Weaver Leggings,編み込みのレギンス
Gilt Leggings,金ピカのレギンス
Pious Leggings,信徒のレギンス
Frayed Shoes,擦り切れた靴
Threaded Shoes,スレッドシューズ
Hunting Shoes,ハンティングシューズ
Steelpoint Shoes,スチールポイントシューズ
Velour Shoes,ベロアシューズ
Bladed Shoes,ブレードシューズ
Grand Cuisses,荘厳な腿当て
Golden Greaves,黄金のグリーヴ
Lionheart Greaves,ライオンハートグリーヴ
Elegant Greaves,エレガントグリーヴ
Carved Greaves,彫刻のあるグリーヴ
Bound Boots,縛られたブーツ
Sleek Boots,艶のあるブーツ
Studded Boots,鋲付きのブーツ
Laced Sandals,レースのサンダル
Bangled Sandals,バングルサンダル
Elegant Slippers,高雅な履物
Dunerunner Sandals,デューンランナーサンダル
Soldiering Sabatons,軍人のサバトン
Goldwork Sabatons,金細工のサバトン
Bastion Sabatons,稜堡のサバトン
Adherent Leggings,付着するレギンス
Bound Leggings,縛られたレギンス
Shamanistic Leggings,シャーマニズムのレギンス
Wayfarer Shoes,旅人の靴
Silverbuckled Shoes,銀のバックルのシューズ
Treerunner Shoes,ツリーランナーシューズ
Bulwark Greaves,砦のグリーヴ
Ornate Greaves,華美なグリーヴ
Tasalian Greaves,タサリオのグリーヴ
Cinched Boots,締まったブーツ
Cavalry Boots,騎兵隊のブーツ
Drakeskin Boots,ドレイクスキンブーツ
Bound Sandals,縛られたサンダル
Luxurious Slippers,豪華な履物
Sandsworn Sandals,砂漠の民のサンダル
Sekhema Sandals,セケマのサンダル
Veteran Sabatons,老兵のサバトン
Noble Sabatons,貴族のサバトン
Fortress Sabatons,要塞のサバトン
Blacksteel Sabatons,ブラックスティールサバトン
Faithful Leggings,忠義者のレギンス
Apostle Leggings,使徒のレギンス
Warlock Leggings,ウォーロックレギンス
Cryptic Leggings,謎のレギンス
Wanderer Shoes,風来坊の靴
Charmed Shoes,チャームドシューズ
Quickslip Shoes,クイックステップシューズ
Daggerfoot Shoes,ダガーフットシューズ
Rusted Cuirass,錆びた胴鎧
Fur Plate,毛皮のプレート
Iron Cuirass,鉄の胴鎧
Raider Plate,レイダープレート
Maraketh Cuirass,マラケスの胴鎧
Steel Plate,鋼鉄のプレート
Vaal Cuirass,ヴァールの胴鎧
Juggernaut Plate,ジャガーノートプレート
Chieftain Cuirass,族長の胴鎧
Champion Cuirass,王者の胴鎧
Conqueror Plate,コンカラープレート
Abyssal Cuirass,深淵の胴鎧
Leather Vest,皮のベスト
Quilted Vest,キルトのベスト
Pathfinder Coat,開拓者のコート
Shrouded Vest,覆われたベスト
Rhoahide Coat,ロアハイドコート
Studded Vest,鋲付きのベスト
Scout's Vest,偵察者のベスト
Serpentscale Coat,蛇皮のコート
Corsair Vest,コルセアのコート
Smuggler Coat,密輸人のコート
Strider Vest,ストライダーベスト
Hardleather Coat,ハードレザーコート
Exquisite Vest,精巧なベスト
Mail Coat,翼付きのコート
Armoured Vest,アーマードベスト
Tattered Robe,ボロボロのローブ
Feathered Robe,羽根付きのローブ
Hexer's Robe,呪術師のローブ
Bone Raiment,骨の装束
Keth Raiment,ケスの装束
Votive Raiment,奉献の装束
Altar Robe,祭壇のローブ
Elementalist Robe,エレメンタリストのローブ
Mystic Raiment,神秘の装束
Imperial Robe,皇帝のローブ
Plated Raiment,装甲付きの装束
Havoc Raiment,惨事の装束
Enlightened Robe,覚者のローブ
Arcane Raiment,神秘の装束
Chain Mail,チェインメイル
Rogue Armour,ローグアーマー
Vagabond Armour,放浪者の鎧
Cloaked Mail,クロークメイル
Explorer Armour,探検家の鎧
Scale Mail,スケイルメイル
Knight Armour,騎士の鎧
Ancestral Mail,先祖のメイル
Lamellar Mail,層状のメイル
Gladiator Armour,剣闘士の鎧
Heroic Armour,英雄の鎧
Tournament Mail,トーナメントメイル
Slayer Armour,殺戮者の鎧
Pilgrim Vestments,巡礼者の祭服
Pelt Mantle,生皮の外套
Mail Vestments,鎖帷子の祭服
Shaman Mantle,シャーマンの外套
Ironclad Vestments,甲鉄の祭服
Sacrificial Mantle,生贄の外套
Cleric Vestments,聖職者の祭服
Tideseer Mantle,潮読みの外套
Gilded Vestments,煌びやかな祭服
Venerated Mantle,尊者の外套
Revered Vestments,畏敬される祭服
Corvus Mantle,鴉の外套
Zenith Vestments,天頂の祭服
Hermit Garb,隠修士の服
Waxed Jacket,ワックスジャケット
Marabout Garb,マラブーの服
Wayfarer Jacket,旅人のジャケット
Anchorite Garb,隠者の服
Scalper's Jacket,ダフ屋のジャケット
Scoundrel Jacket,悪人のジャケット
Ascetic Garb,禁欲者の服
Clandestine Jacket,内密のジャケット
Monastic Garb,修道士の服
Torment Jacket,拷問のジャケット
Devout Garb,信者の服
Assassin Garb,暗殺者の服
Garment,ガーメント
Grand Regalia,荘厳なレガリア
Barbarian Plate,蛮族のプレート
Rugged Cuirass,無骨な胴鎧
Sandsworn Cuirass,砂漠の民の胴鎧
Elegant Plate,エレガントプレート
Heavy Plate,ヘビープレート
Stone Cuirass,石の胴鎧
Patchwork Vest,パッチワークのベスト
Hunting Coat,狩りのコート
Riding Coat,ライディングコート
Layered Vest,レイヤードベスト
Runner Vest,伝令のベスト
Lizardscale Coat,リザードスケールコート
Avian Robe,鳥のローブ
Cursespeaker's Robe,呪言のローブ
Luxurious Robe,豪華なローブ
River Raiment,川の装束
Adherent's Raiment,信奉者の装束
Ceremonial Robe,儀式のローブ
Ring Mail,リングメイル
Scoundrel Armour,悪党の鎧
Wanderer Armour,風来坊の鎧
Mantled Mail,外套付きメイル
Trailblazer Armour,先駆者の鎧
Golden Mail,ゴールデンメイル
Templar Vestments,テンプラーの祭服
Bearskin Mantle,熊皮の外套
Chain Vestments,鎖の祭服
Occultist Mantle,オカルティストの外套
Plated Vestments,装甲付きの祭服
Heartcarver Mantle,ハートカーヴァーの外套
Oiled Jacket,オイルジャケット
Evangelist Garb,伝道者の服
Itinerant Jacket,旅回りのジャケット
Hatungo Garb,ハトゥンゴの服
Hawker's Jacket,鷹使いのジャケット
Soldier Cuirass,兵士の胴鎧
Ornate Plate,華美なプレート
Utzaal Cuirass,ウトザールの胴鎧
Warlord Cuirass,ウォーロードの胴鎧
Swiftstalker Coat,スイフトストーカーコート
Slipstrike Vest,スリップストライクベスト
Wyrmscale Coat,竜皮のコート
Corsair Coat,海賊のコート
Vile Robe,悪辣のローブ
Flowing Raiment,緩やかな装束
Sacramental Robe,聖餐のローブ
Feathered Raiment,羽付きの装束
Dastard Armour,卑怯者の鎧
Shrouded Mail,シュラウドメイル
Death Mail,デスメイル
Thane Mail,族長のメイル
Wolfskin Mantle,狼皮の外套
Conjurer Mantle,祈祷師の外套
Death Mantle,死の外套
Seastorm Mantle,シーストームの外套
Sleek Jacket,艶のあるジャケット
Rambler Jacket,散策者のジャケット
Falconer's Jacket,鷹匠のジャケット
Austere Garb,質素な服
Rusted Greathelm,錆びたグレートヘルム
Soldier Greathelm,兵士のグレートヘルム
Wrapped Greathelm,覆われたグレートヘルム
Spired Greathelm,尖ったグレートヘルム
Elite Greathelm,精鋭のグレートヘルム
Warrior Greathelm,戦士のグレートヘルム
Commander Greathelm,指揮官のグレートヘルム
Fierce Greathelm,猛撃のグレートヘルム
Sentinel Greathelm,歩哨のグレートヘルム
Goliath Greathelm,ゴライアスのグレートヘルム
Guardian Greathelm,守護者のグレートヘルム
Shabby Hood,ボロボロのフード
Felt Cap,フェルトの帽子
Lace Hood,レースのフード
Swathed Cap,スカーフ帽子
Viper Cap,毒蛇の帽子
Corsair Cap,コルセアの帽子
Leatherbound Hood,皮張りのフード
Velvet Cap,ベルベットの帽子
Covert Hood,コバートフード
Armoured Cap,アーマードキャップ
Twig Circlet,小枝のサークレット
Wicker Tiara,枝編みのティアラ
Beaded Circlet,ビーズのサークレット
Chain Tiara,鎖のティアラ
Feathered Tiara,羽根付きのティアラ
Gold Circlet,金のサークレット
Vermeil Circlet,ヴァーミルサークレット
Jade Tiara,翡翠のティアラ
Noble Circlet,貴族のサークレット
Twilight Tiara,黄昏のティアラ
Magus Tiara,メイガスサークレット
Brimmed Helm,つば付き兜
Guarded Helm,防護兜
Visored Helm,バイザー付き兜
Cowled Helm,僧帽の兜
Shielded Helm,シールドヘルム
Closed Helm,クローズドヘルム
Decorated Helm,デコレーションヘルム
Gallant Helm,勇士のヘルム
Iron Crown,鉄の冠
Horned Crown,角の冠
Cultist Crown,崇拝者の冠
Martyr Crown,殉教者の冠
Heavy Crown,重い冠
Spiritbone Crown,スピリットボーンの冠
Lavish Crown,豪奢な冠
Archon Crown,アルコンの冠
Hewn Mask,粗削りの仮面
Face Mask,フェースマスク
Hooded Mask,フード付きの仮面
Veiled Mask,ベール付きの仮面
Tribal Mask,部族の仮面
Solid Mask,頑丈な仮面
Shaded Mask,陰影の仮面
Death Mask,デスマスク
Grand Visage,荘厳な顔飾り
Corroded Greathelm,腐食したグレートヘルム
Mercenary Greathelm,傭兵のグレートヘルム
Homeguard Greathelm,ホームガードのグレートヘルム
Elegant Greathelm,高雅なグレートヘルム
Noble Greathelm,貴族のグレートヘルム
Rotted Hood,劣化したフード
Wool Cap,ウールの帽子
Narrow Hood,緻密なフード
Wrapped Cap,覆われた帽子
Deerstalker Hood,鹿猟師のフード
Druidic Circlet,ドルイドのサークレット
Avian Tiara,鳥のティアラ
Desert Circlet,砂漠のサークレット
Sandsworn Tiara,砂漠の民のティアラ
Jungle Tiara,ジャングルティアラ
Domed Helm,ドーム型の兜
Engraved Helm,彫り込まれた兜
Soldier Helm,兵士の兜
Cabalist Helm,カバリストの兜
Gladiatoral Helm,剣闘士の兜
Mailed Crown,鎖の冠
Forest Crown,森の冠
Zealot Crown,狂信者の冠
Hallowed Crown,神聖な冠
Inquisitor Crown,審問官の冠
Oak Mask,オークの仮面
Bandit Mask,山賊の仮面
Skulking Mask,暗躍者の仮面
Pariah Mask,除け者の仮面
Avian Mask,鳥の仮面
Warmonger Greathelm,戦争屋のグレートヘルム
Masked Greathelm,仮面のグレートヘルム
Paragon Greathelm,パラゴンのグレートヘルム
Imperial Greathelm,帝国のグレートヘルム
Woven Cap,織り帽子
Desert Cap,砂漠の帽子
Trapper Hood,罠師のフード
Freebooter Cap,海賊の帽子
Skycrown Tiara,スカイクラウンティアラ
Sorcerous Tiara,術師のティアラ
Kamasan Tiara,カマサのティアラ
Ancestral Tiara,先祖のティアラ
Warded Helm,保護兜
Cryptic Helm,隠微な兜
Champion Helm,王者の兜
Gladiatorial Helm,剣闘士の兜
Druidic Crown,ドルイドの冠
Saintly Crown,聖人の冠
Divine Crown,神の冠
Cryptic Crown,謎の冠
Brigand Mask,盗賊の仮面
Faridun Mask,ファリドゥンの仮面
Soaring Mask,天翔の仮面
Grinning Mask,嘲笑の仮面
Bristleboar,毛深い猪
Innsmouth,インスマス
The Black Doubt,黒い疑念
The Knight-errant,放浪騎士
Erian's Cobble,エリアンの玉石
Kitoko's Current,キトコの流れ
Corpsewade,コープスウェード
Sands of Silk,絹の砂
Apron of Emiran,エミレの前掛け
Treefingers,ツリーフィンガーズ
Couture of Crimson,紅のクチュール
Gloomform,暗がりの姿
The Barrow Dweller,古墳の住人
Radiant Grief,輝く嘆き
Enfolding Dawn,包み込む夜明け
Dustbloom,ダストブルーム
Quatl's Molt,クアトルの換羽
The Dancing Mirage,舞う蜃気楼
Redflare Conduit,緋炎の導管
Zerphi's Serape,ゼルフィのセラーペ
The Velvet Orchestra,ベルベットオーケストラ
Necromantle,ネクロマントル
Prayers for Rain,雨乞い
Tetzlapokal's Desire,テツラポカルの欲望
Blackbraid,黒い組紐
Edyrn's Tusks,エディルンの牙
Titanrot Cataphract,タイタンロットのカタフラクト
Coat of Red,赤のコート
Irongrasp,アイアングラスプ
Pariah's Embrace,パーリアの抱擁
Widow's Reign,未亡人の統治
Husk of Dreams,夢の殻
Waveshaper,ウェーブシェイパー
Briarpatch,ブライアパッチ
Sibling Rivalry,兄弟喧嘩
Powertread,パワートレッド
Legionstride,リージョンストライド
Trampletoe,踏みつぶす爪先
Birth of Fury,怒りの誕生
Obern's Bastion,オバーンの砦
Shankgonne,シャンクゴンヌ
Timberwolf,ティンバーウルフ
Keeper of the Arc,弧の守りて
Northpaw,北の脚
Grip of Winter,冬の掌握
Idle Hands,暇人の手
Plaguefinger,疫病の指
Killjoy,キルジョイ
Painter's Servant,画家の従者
Candlemaker,キャンドルメーカー
Nightscale,ナイトスケール
Dreadfist,ドレッドフィスト
Jarngreipr,ヤールングレイプル
Deathblow,デスブロー
Aerisvane's Wings,エーリスヴェインの翼
Constricting Command,締め付ける命令
Visage of Ayah,アーヤの容貌
Forbidden Gaze,禁断の眼差し
Atziri's Disdain,アッツィリの軽蔑
Wings of Caelyn,ケイリンの翼
Corona of the Red Sun,赤き太陽のコロナ
Gravis Grimace,グラビス・グリマス
Greymake,グレイメイク
The Smiling Knight,微笑む騎士
The Vile Knight,卑劣な騎士
Crown of the Victor,勝者の冠
Bronzebeard,青銅の髭
Cornathaum,コーナサウム
The Deepest Tower,最深の塔
Solus Ipse,唯我
Sine Aequo,不平等
Ab Aeterno,永遠から
Blessed Bonds,祝福されし絆
The Mutable Star,通変星
Bushwhack,ブッシュワック
Horns of Bynden,ビンデンの角笛
Luminous Pace,輝かしい歩調
The Hollow Mask,虚ろの仮面
Wandering Reliquary,彷徨う遺物箱
Hand of Wisdom and Action,知恵と行動の手
Atsak's Sight,アツァクの視野
Thunderstep,サンダーステップ
Garuk's Current,ガルクの電流
Ironride,アイアンライド
Bitterbloom,ビターブルーム
Sierran Inheritance,シエラの遺産
Myris Uxor,ミリスの細君
Mask of the Sanguimancer,操血術師の仮面
Blueflame Bracers,蒼炎の籠手
Morior Invictus,不屈なる者として死す
Temporalis,テンポラリス
Beetlebite,ビートルバイト
Demigod's Virtue,半神の美徳
The Road Warrior,道の戦士
Demigod's Duty,デミゴッドの義務
Demigod's Loyalty,デミゴッドの忠誠
Demigod's Valor,デミゴッドの勇気
Seastrider,シーストライダー
Silks of Veneration,畏敬の衣
Gloamgown,グロームガウン
The Fallen Formation,堕ちたる陣形
Sacrosanctum,サクロサンクタム
Death Articulated,明確な死
Black Vise,ブラックバイス
Essentia Sanguis,エッセンシア・サングイス
Leopold's Applause,レオポルドの拍手
Valako's Vice,ヴァラコの悪心
The Prisoner's Manacles,囚人の枷
The Black Insignia,黒の記章
Precursor Gauntlets,先駆者のガントレット
Leviathan Gauntlets,リヴァイアサンガントレット
Preserving Gauntlets,保全のガントレット
Guarding Gauntlets,守護のガントレット
Thwarting Gauntlets,妨害のガントレット
Harpyskin Gloves,ハーピースキングローブ
Velour Gloves,ベロアのグローブ
Tinker Gloves,鋳掛屋のグローブ
Trapsetter Gloves,罠師のグローブ
Sage Gloves,賢者のグローブ
Chimerascale Gauntlets,キメラ鱗のガントレット
Wyvernscale Gauntlets,ワイバーン鱗のガントレット
Paladin Gloves,聖騎士のグローブ
Infiltrator Mitts,潜入者のミット
Phantom Mitts,幻影のミット
Precursor Greaves,先駆者のグリーヴ
Leviathan Greaves,リヴァイアサングリーヴ
Harpyskin Boots,ハーピースキンブーツ
Velour Boots,ベロアのブーツ
Sage Slippers,賢者の履物
Chimerascale Boots,キメラ鱗のブーツ
Wyvernscale Boots,ワイバーン鱗のブーツ
Martyr Boots,殉教者のブーツ
Paladin Boots,聖騎士のブーツ
Infiltrator Boots,潜入者のブーツ
Phantom Boots,幻影のブーツ
Titan Plate,タイタンプレート
Legion Plate,リージョンプレート
Royal Plate,ロイヤルプレート
Supreme Leather,至高の革鎧
Astral Leather,星の革鎧
Syndicate's Garb,シンジケートの服
Arcane Vestment,神秘の法衣
Nightweave Robe,夜織のローブ
Twilight Regalia,黄昏のレガリア
Full Wyvernscale,フルワームスケール
Marshall's Brigandine,マーシャルのブリガンダイン
Conquest Lamellar,征服のラメラー
Grand Ringmail,グランドリングメイル
Paladin's Hauberk,聖騎士のホバーク
Sacred Chainmail,神聖なチェーンメイル
Sanguine Raiment,紅色の装束
Torturer Garb,拷問人の服
Grizzly Pelt,グリズリーの毛皮
Majestic Pelt,威厳の毛皮
Moonlit Circlet,月光のサークレット
Sunfire Circlet,太陽の火のサークレット
Haunted Bascinet,亡霊のバシネット
Faithful Helmet,信徒のヘルメット
Paladin Crown,聖騎士のクラウン
Jester Mask,道化師のマスク
Ancient Mask,古代のマスク
Torturer's Mask,拷問人のマスク
Scornflux,スコーンフラックス
Servant of Decay,腐敗の下僕
Seven Teachings,七つの教え
The Hallowed Monarch,神聖なる王
Hand of the Lords,主らの手
The Caged Mammoth,閉じ込められたマンモス
Refuge in Isolation,孤立による避難
Rigwald's Hunt,リグワルドの狩り
Sacrificial Regalia,生贄のレガリア
