Cospri's Malice,コスプリの悪意
Ahkeli's Meadow,アケリの牧草地
Ahkeli's Mountain,アケリの山
Ahkeli's Valley,アケリの谷
Ashes of the Stars,星々の灰
Ashes of the Sun,太陽の灰
Andvarius,アンドヴァリアス
Angler's Plait,釣り人の三つ編み
Araku Tiki,アラク・ティキ
Ascent From Flesh,肉体からの昇天
Astramentis,アストラメンティス
Atziri's Foible,アツィリの愚行
Aul's Uprising,アウルの蜂起
Auxium,オーキシウム
Badge of the Brotherhood,兄弟団の記章
Bated Breath,息をのむ
Belt of the Deceiver,欺瞞者のベルト
Berek's Grip,ベレクの掌握
Berek's Pass,ベレクの通路
Berek's Respite,ベレクの休息
Bisco's Collar,ビスコの首飾り
Bisco's Leash,ビスコの鎖
Blackheart,ブラックハート
Blightwell,ブライトウェル
Bloodboil,ブラッドボイル
Bloodgrip,ブラッドグリップ
Blood of Corruption,汚染の血
Brinerot Mark,塩水腐敗の印
Call of the Brotherhood,兄弟の証
Carnage Heart,カーネイジ・ハート
Choir of the Storm,嵐の合唱
Circle of Anguish,苦悶の円環
Circle of Fear,恐怖の円環
Circle of Guilt,罪の輪
Circle of Nostalgia,郷愁の円環
Circle of Regret,後悔の円環
Coward's Chains,臆病者の鎖
Coward's Legacy,臆病者の遺産
Cyclopean Coil,単眼のコイル
Daresso's Salute,ダレッソの敬礼
Darkness Enthroned,即位した闇
Death Rush,死の激発
Demigod's Bounty,デミゴッドの恩恵
Demigod's Eye,半神の目
Demigod's Presence,半神の存在
Doedre's Damning,ドードゥリの糾弾
Doryani's Invitation,ドリヤニの招待
Dream Fragments,夢の断片
Dyadian Dawn,ディアディアン・ドーン
Emberwake,燃え盛る目覚め
Essence Worm,エッセンスワーム
Extractor Mentis,エクストラクター・メンティス
Eye of Chayula,チャユラの目
Eye of Innocence,無垢の目
Eyes of the Greatwolf,グレートウルフの目
Faminebind,飢饉の絆
Feastbind,饗宴の絆
Gifts from Above,天の恩恵
Gloomfang,グルームファング
Gluttony,強欲
Hallowed Ground,聖なる地
Headhunter,ヘッドハンター
Heartbound Loop,ハートバウンド・ループ
Hinekora's Sight,ヒネコラの視界
Hyperboreus,ヒュペルボレウス
Hyrri's Truth,ヒリの真実
Icefang Orbit,アイスファングの軌道
Immortal Flesh,不死の肉体
Impresence,インプレゼンス
Impossible Escape,不可能な脱出
Kaom's Sign,カオムの印
Kaom's Way,カオムの道
Karui Charge,カルーイチャージ
Karui Ward,カルーイの護符
Kikazaru,キカザル
Le Heup of All,すべてのル・ヒュープ
Lori's Lantern,ロリのランタン
Malachai's Artifice,マラカイの策略
Maligaro's Cruelty,マリガロのクルーエルティ
Maligaro's Restraint,マリガロの拘束
Mark of Submission,服従の印
Mark of the Elder,エルダーの印
Mark of the Shaper,シェイパーの印
Marylene's Fallacy,マリレーンの誤謬
Meginord's Girdle,メギノルドのベルト
Ming's Heart,ミンの心臓
Mokou's Embrace,モコウの抱擁
Mutewind Seal,無風の封印
Natural Hierarchy,自然な階層
Ngamahu's Sign,ナマフの印
Ngamahu Tiki,ンガマフ・ティキ
Night's Hold,夜の掌握
Perandus Blazon,ペランダスの紋章
Perandus Signet,ペランダス・シグネット
Perquil's Toe,パーキルのつま先
Perseverance,忍耐
Praxis,プラクシス
Precursor's Emblem,先駆者の紋章
Presence of Chayula,チャウラの存在
Prismweave,プリズムウィーブ
Putembo's Meadow,プテンボの牧草地
Putembo's Mountain,プテンボの山
Putembo's Valley,プテンボの谷
Pyre,業火
Rashkaldor's Patience,ラシュカルドールの忍耐
Redblade Band,レッドブレードバンド
Rigwald's Crest,リグワルドの紋章
Rigwald's Curse,リグワルドの呪い
Romira's Banquet,ロミラのご馳走
Ryslatha's Coil,リスラーサのコイル
Sacrificial Heart,生贄の心臓
Shaper's Seed,シェイパーの種
Shavronne's Revelation,シャヴロンの啓示
Sibyl's Lament,シビルの嘆き
Sidhebreath,シードブレス
Siegebreaker,包囲破壊者
Snakepit,スネークピット
Solstice Vigil,冬至の監視
Soul Tether,魂を繋ぐ綱
Soulthirst,ソウルサースト
Star of Wraeclast,レアクラストの星
Stone of Lazhwar,ラズワールの石
Stormfire,ストームファイヤー
String of Servitude,従属の紐
Sunblast,サンブラスト
Talisman of the Victor,勝利者のタリスマン
Tasalio's Sign,タサリオの印
Tavukai,タヴカイ
Tear of Purity,純粋の涙
The Anvil,鉄床
The Ascetic,禁欲者
The Aylardex,アイラーデックス
The Effigon,エフィゴン
The Flow Untethered,解き放たれた流れ
The Halcyon,ザ・ハルシオン
The Hungry Loop,飢えたる輪
The Ignomon,ザ・イグノモン
The Jinxed Juju,ジンクスド・ジュジュ
The Magnate,巨頭
The Nomad,遊牧民
The Pandemonius,パンデモニアス
The Pariah,追放者
The Primordial Chain,原始の鎖
The Retch,吐き気
The Tactician,戦術家
The Taming,飼い慣らし
The Warden's Brand,ウォーデンの刻印
Thief's Torment,泥棒の苦悩
Timeclasp,タイムクラスプ
Timetwist,タイムツイスト
Umbilicus Immortalis,不滅の臍帯
Ungil's Harmony,アンギルの調和
Uzaza's Meadow,ウザザの牧草地
Uzaza's Mountain,ウザザの山
Uzaza's Valley,ウザザの谷
Valako's Sign,ヴァラコの印
Valyrium,ヴァリリウム
Venopuncture,ヴェノパンクチャー
Ventor's Gamble,ヴェンターのギャンブル
Victario's Acuity,ビクタリオの鋭敏さ
Vivinsect,ヴィヴィンセクト
Voice of the Storm,嵐の声
Voideye,ヴォイドアイ
Voidheart,ヴォイドハート
Voll's Devotion,ヴォルの信心
Warped Timepiece,歪んだ懐中時計
Winterheart,ウィンターハート
Winterweave,ウィンターウィーブ
Wurm's Molt,ワームの脱皮
Xoph's Blood,ゾフの血
Xoph's Heart,ゾフの心臓
Yoke of Suffering,苦痛の頸木
Zerphi's Heart,ザーフィの心臓
Abberath's Hooves,アベラス・フーフス
Abyssus,アビュッソス
Aegis Aurora,イージス・アウロラ
Ahn's Contempt,アーンズ・コンテンプト
Ahn's Heritage,アーンの遺産
Alberon's Warpath,アルベロンの戦靴
Allelopathy,アレロパシー
Alpha's Howl,アルファの遠吠え
Ambu's Charge,アンブのチャージ
Apep's Slumber,アペップの眠り
Apep's Supremacy,アペプの優越性
Architect's Hand,建築家の手
Asenath's Chant,アセナス・チャント
Asenath's Gentle Touch,アセナスの優しい指先
Asenath's Mark,アセナスの印
Ashrend,アッシュレンド
Asphyxia's Wrath,アスフィクシアの憤怒
Atziri's Acuity,アッツィリの鋭敏さ
Atziri's Mirror,アジリの鏡
Atziri's Reflection,アジリの反映
Atziri's Splendour,アッツィリの栄耀
Atziri's Step,アッツィリの歩み
Aukuna's Will,アウクナの意志
Aurseize,オアシーズ
Belly of the Beast,魔獣の腹
Bitterbind Point,ビターバインド・ポイント
Blackgleam,ブラックグリーム
Black Sun Crest,黒い太陽の紋章
Blasphemer's Grasp,ブラスフェマーズ・グラスプ
Bloodbond,ブラッドボンド
Bones of Ullr,ウルルの骨
Bramblejack,ブランブルジャック
Breathstealer,ブレスティーラー
Brinerot Flag,ブリネロット・フラッグ
Brinerot Whalers,ブリネロット・ホイラーズ
Briskwrap,ブリスクラップ
Broadstroke,ブロードストローク
Broken Faith,ブロークン・フェイス
Bronn's Lithe,ブロンのしなやかさ
Bubonic Trail,ブボニック・トレイル
Carcass Jack,カーカスジャック
Chains of Command,チェインズ・オブ・コマンド
Chalice of Horrors,恐怖の聖杯
Chernobog's Pillar,チェルノボグの柱
Cherrubim's Maleficence,ケルビムの悪意
Chitus' Apex,チトゥスの頂点
Cloak of Defiance,反抗のクローク
Cloak of Flame,炎のクローク
Cloak of Tawm'r Isley,タムズ・イー・イズリーズ・クローク
Command of the Pit,奈落の支配
Cospri's Will,コスプリの意志
Cowl of the Ceraunophile,ケラウノファイルの兜
Cowl of the Cryophile,クライオファイルの兜
Cowl of the Thermophile,サーモファイルの兜
Cragfall,クラグフォール
Craghead,クラグヘッド
Craiceann's Carapace,クライシアンズ・カラペース
Craiceann's Chitin,クライシアンズ・カイティン
Craiceann's Pincers,クライシアンズ・ピンサーズ
Craiceann's Tracks,クライシアンズ・トラックス
Crest of Perandus,ペランダスの紋章
Crown of Eyes,目の王冠
Crown of the Pale King,ペールキングの王冠
Crown of the Tyrant,暴君の王冠
Crown of Thorns,茨の冠
Crystal Vault,クリスタル・ヴォールト
Curtain Call,カーテンコール
Dance of the Offered,ダンス・オブ・ジ・オファード
Daresso's Courage,ダレソスの勇気
Daresso's Defiance,ダレッソの反抗
Darkray Vectors,ダークレイ・ベクトル
Death's Door,デス・ドア
Death's Oath,デスオース
Deerstalker,ディアストーカー
Deidbell,ディードベル
Deidbellow,デイデベロウ
Demigod's Beacon,デミゴッドの灯火
Demigod's Dominance,デミゴッズ・ドミネンス
Demigod's Stride,デミゴッドの歩み
Demigod's Touch,デミゴッドの指先
Demigod's Triumph,デミゴッドの勝利
Demon Stitcher,デーモン・ステッチャー
Dendrobate,デンドロベイト
Devoto's Devotion,デヴォートの信心
Dialla's Malefaction,ディアーラズ・マレファクション
Doedre's Malevolence,ドエドレズ・マレボレンス
Doedre's Scorn,ドードレの嘲り
Doedre's Skin,ドエドレズ・スキン
Doedre's Tenure,ドードゥリの才能
Doryani's Delusion,ドリヤニの妄執
Doryani's Fist,ドリヤニの拳
Drillneck,ドリルネック
Duskblight,ダスクブライト
Dusktoe,ダスクトー
Eber's Unification,エバーズ・ユニフィケーション
Empire's Grasp,帝国の掴み
Esh's Mirror,イシュの鏡
Esh's Visage,イシュの顔
Ezomyte Hold,エゾミート・ホールド
Ezomyte Peak,エゾマイトピーク
Facebreaker,フェイスブレイカー
Fairgraves' Tricorne,フェアグレイヴスのトライコーン
Farrul's Bite,ファーラルズ・バイト
Farrul's Chase,ファーラルズ・チェイス
Farrul's Fur,ファーラルズ・ファー
Farrul's Pounce,ファーラルズ・パウンス
Fenumus' Shroud,フェヌムス・シュラウド
Fenumus' Spinnerets,フェヌムス・スピナレッツ
Fenumus' Toxins,フェヌムス・トキシンズ
Fenumus' Weave,フェヌムス・ウィーブ
Flamesight,フレイムサイト
Flesh and Spirit,肉と魂
Fox's Fortune,フォックスズ・フォーチュン
Foxshade,フォックスシェード
Fractal Thoughts,フラクタル・シンク
Frostferno,フロストフェルノ
Galesight,ゲイルサイト
Gang's Momentum,ギャングのモーメンタム
Garb of the Ephemeral,エフェメラルの装束
Garukhan's Flight,ガルカンス・フライト
Geofri's Crest,ジェオフリーズクレスト
Geofri's Legacy,ジェオフリの遺産
Geofri's Sanctuary,ジェオフリーズ・サンクチュアリ
Giantsbane,ジャイアンツベイン
Glitterdisc,グリッターディスク
Goldrim,ゴールドリム
Goldwyrm,ゴールドウィルム
Gorgon's Gaze,ゴルゴンズ・ゲイズ
Great Old One's Ward,グレート・オールド・ワンの守り
Greed's Embrace,貪欲の抱擁
Greedtrap,グリードトラップ
Grip of the Council,グリップ・オブ・ザ・カウンシル
Gruthkul's Pelt,グルスカルズ・ペルト
Haemophilia,ヘモフィリア
Hale Negator,ヘイル・ネゲーター
Heatshiver,ヒートシヴァー
Heretic's Veil,ヘレティックス・ベール
Honourhome,オナーホーム
Hrimburn,フリムバーン
Hrimnor's Resolve,フリムノアズリゾルブ
Hrimsorrow,フリムソー
Hyrri's Bite,ヒュイリの噛み跡
Hyrri's Demise,ヒュイリの滅亡
Hyrri's Ire,ハイリの怒り
Icetomb,アイストゥーム
Incandescent Heart,インカンデセントハート
Indigon,インディゴン
Infernal Mantle,インファーナルマントル
Inpulsa's Broken Heart,インパルサズ・ブロークンハート
Invictus Solaris,インウィクタス・ソラリス
Inya's Epiphany,イニャズ・エピファニー
Iron Heart,アイアン・ハート
Jaws of Agony,アゴニーの顎
Kalisa's Grace,カリサズ・グレース
Kaltenhalt,カルテンハルト
Kaltensoul,カルテンソウル
Kaom's Heart,カオムの心臓
Kaom's Roots,カオムの根
Kingsguard,キングスガード
Kintsugi,キンツギ
Kitava's Thirst,キタヴァズ・サースト
Kongming's Stratagem,孔明の策略
Leer Cast,リアー・キャスト
Leper's Alms,レパーズ・アルムス
Lightbane Raiment,ライトベインライメント
Lightning Coil,ライトニング・コイル
Light of Lunaris,ルナリスの光
Lightpoacher,ライトポアチャー
Lioneye's Paws,ライオネイズポウズ
Lioneye's Remorse,ライオネイズの悔恨
Lioneye's Vision,ライオネイズ・ビジョン
Lochtonial Caress,ロクトニアルの愛撫
Loreweave,ローリーヴ
Lycosidae,コモリグモ
Machina Mitts,マシーナ・ミッツ
Magna Eclipsis,マグナ・エクリプシス
Malachai's Awakening,マラカイズ・アウェイクニング
Malachai's Loop,マラカイの輪
Malachai's Mark,マラカイズ・マーク
Malachai's Simula,マラカイのシミュラクラム
Malachai's Vision,マラカイズ・ビジョン
Maligaro's Lens,マリガロのレンズ
Maligaro's Virtuosity,マリガロの妙技
Maloney's Mechanism,マロニーの機構
Maloney's Nightfall,マロニーの黄昏
March of the Legion,リージョンの行進
Mark of the Red Covenant,マーク・オブ・ザ・レッド・コヴェナント
Martyr's Crown,マーターズ・クラウン
Mask of the Spirit Drinker,マスク・オブ・ザ・スピリット・ドリンカー
Mask of the Stitched Demon,縫合されし悪魔の仮面
Mask of the Tribunal,審判官の仮面
Matua Tupuna,マトゥア・ツプナ
Maw of Conquest,征服者の顎
Meginord's Vise,メギノルドのバイス
Memory Vault,メモリー・ヴォールト
Mind of the Council,評議会の精神
Mindspiral,マインドスパイラル
Mutewind Pennant,ミューテウィンド・ペナント
Mutewind Whispersteps,ミューテウィンド・ウィスパーズテップス
Nomic's Storm,ノミックの嵐
Null and Void,虚無と虚無
Nimis,ニミス
Obscurantis,オブスキュランティス
Offering to the Serpent,蛇への捧げ物
Omeyocan,オメヨカン
Ondar's Clasp,オンダースクラスプ
Victario's Flight,ヴィクタリオの疾走
Oskarm,オスカーン
Perepiteia,ペレピテイア
Prism Guardian,プリズム・ガーディアン
Queen of the Forest,森の女王
Rainbowstride,レインボーストライド
Ralakesh's Impatience,ララケシュズ・インペイシェンス
Rathpith Globe,ラスピスの球体
Rat's Nest,ラッツネスト
Rearguard,リアガード
Reckless Defence,無謀な防御
Redblade Banner,レッドブレードの紋章旗
Redblade Tramplers,レッドブレイド・トランプラーズ
Repentance,リペンタンス
Rigwald's Quills,リグウォルドの棘
Rime Gaze,ライムゲイズム・ゲイズ
Rise of the Phoenix,フェニックスの復活
Rotting Legion,腐敗するリージョン
Sadima's Touch,サディマの指先
Saemus' Gift,セームスの贈り物
Saffell's Frame,サフェルのフレーム
Saqawal's Flock,サカワルズ・フロック
Saqawal's Nest,サカワルズ・ネスト
Saqawal's Talons,サカワルズ・タロンズ
Saqawal's Winds,サカワルズ・ウィンズ
Scold's Bridle,叱責の手綱
Sentari's Answer,センタリの答え
Seven-League Step,セブンリーグ・ステップ
Shackles of the Wretched,哀れな者の手枷
Shadows and Dust,影と塵
Shadowstitch,シャドウ・ステッチ
Shaper's Touch,シェイパーズ・タッチ
Shavronne's Gambit,シャヴロンズ・ギャンビット
Shavronne's Pace,シャヴロンヌの歩み
Shavronne's Wrappings,シャヴロンヌのラップウィングス
Shroud of the Lightless,シュラウド・オブ・ザ・ライトレス
Sin Trek,シン・トレック
Skin of the Lords,スキン・オブ・ザ・ロード
Skin of the Loyal,忠臣の皮膚
Skirmish,スカーミッシュ
Skullhead,スカルヘッド
Skyforth,スカイフォース
Slavedriver's Hand,スレイブドライバーズ・ハンド
Slitherpinch,スリザーピンチ
Snakebite,スネークバイト
Solaris Lorica,ソラリスロリカ
Soul Mantle,魂の外套
Soul Strike,ソウル・ストライク
Southbound,サウスバウンド
Speaker's Wreath,スピーカーズ・リース
Sporeguard,スポアガード
Springleaf,スプリングリーフ
Starkonja's Head,スターコンジャの頭
Steppan Eard,ステッパン・イアード
Stormcharger,ストームチャージャー
Storm's Gift,嵐の贈り物
Sundance,サンダンス
Sunspite,サンスパイト
Surgebinders,サージバインダーズ
Tabula Rasa,タビュラ・ラサ
The Anticipation,アンティシペーション
The Baron,バロン
The Beast Fur Shawl,タムズ・イー・イズリーズ・ショール
The Blood Dance,ブラッドダンス
The Brass Dome,真鍮のドーム
The Brine Crown,ブライネ・クラウン
The Bringer of Rain,雨をもたらすもの
The Broken Crown,壊れた王冠
The Coming Calamity,迫り来る災難
The Covenant,契約
The Deep One's Hide,ディープ・ワンの皮
The Devouring Diadem,むさぼり食う王冠
The Embalmer,ジ・エンバーマー
The Eternal Apple,エターナル・アップル
The Eternity Shroud,永遠のシュラウド
The Formless Flame,フォームレス・フレイム
The Formless Inferno,フォームレス・インフェルノ
The Fracturing Spinner,フラクチャリング・スピナー
The Gull,ザ・ガル
The Infinite Pursuit,無限の追跡
The Iron Fortress,鉄の要塞
The Oak,オーク
The Peregrine,ザ・ペレグリン
The Perfect Form,パーフェクト・フォーム
The Queen's Hunger,女王の飢餓
The Rat Cage,鼠の檻
The Red Trail,赤き軌道
The Restless Ward,レストレス・ウォード
The Signal Fire,シグナル・ファイア
The Snowblind Grace,スノーブラインド・グレース
The Stampede,スタンピード
The Surrender,降参
The Tempest's Binding,ザ・テンペストズ・バインディング
The Three Dragons,三頭のドラゴン
The Unshattered Will,アンシャッタード・ウィル
The Vertex,バーテックス
Thirst for Horrors,恐怖への渇望
Thousand Ribbons,サウザンドリボン
Thousand Teeth Temu,サウザンド・ティース・テム
Three-step Assault,スリーステップ・アサルト
Thunderfist,サンダーフィスト
Thundersight,サンダーサイト
Tinkerskin,ティンカーズキン
Titucius' Span,ティトゥキウスのスパン
Tombfist,トゥームフィスト
Torchoak Step,トーチオーク・ステップ
Triad Grip,トライアド・グリップ
Trolltimber Spire,トロールティンバー・スパイア
Tukohama's Fortress,ツコハマの要塞
Unyielding Flame,不屈の炎
Vaal Caress,ヴァールカレス
Veil of the Night,夜の帳
Veruso's Battering Rams,ヴェルーソの破城槌
Victario's Charity,ビクトリオの慈悲
Victario's Influence,ビクトリオズ・インフルエンス
Viper's Scales,バイパーズ・スケイルズ
Vis Mortis,ヴィズ・モーティス
Vixen's Entrapment,ヴィクセンの罠
Vix Lunaris,ヴィックス・ルナリス
Voidbringer,ボイドブリンガー
Voidfletcher,ヴォイドフレッチャー
Voidwalker,ボイドウォーカー
Volkuur's Guidance,ボルクールズ・ガイダンス
Voll's Protector,ヴォールの保護具
Voll's Vision,ヴォールズ・ビジョン
Wake of Destruction,破滅の軌跡
Wall of Brambles,ウォール・オブ・ブランプス
Wanderlust,ワンダーラスト
Whakatutuki o Matua,ワカツツキ・オ・マツア
Wheel of the Stormsail,ストームセイルの輪
Wildwrap,ワイルドラップ
Windscream,ウィンドスクリーム
Windshriek,ウィンドシュリーク
Winds of Change,ウィンズ・オブ・チェンジ
Wondertrap,ワンダートラップ
Worldcarver,ワールドカーヴァー
Wraithlord,レイスロード
Wreath of Phrecia,フレシアの装飾冠
Wyrmsign,ワイァームサイン
Ylfeban's Trickery,イルフェバンズ・トリッキー
Yriel's Fostering,ユリエルの養育
Zahndethus' Cassock,ザンデトゥスのカソック
Zeel's Amplifier,ゼールの増幅器
Atziri's Promise,アジリの約束
Blood of the Karui,カルイの血
Bottled Faith,ボトルド・フェイス
Cinderswallow Urn,シンダースワロウの骨壺
Coralito's Signature,コラリートのシグネチャー
Coruscating Elixir,コラスケイティング・エリクサー
Divination Distillate,ディビネーション・ディスティレート
Doedre's Elixir,ドエドレの秘薬
Dying Sun,ダイイング・サン
Forbidden Taste,禁断の味覚
Kiara's Determination,キアラの決意
Lavianga's Spirit,ラヴィアンガの心
Lion's Roar,ライオンズ・ロア
Rotgut,ロットガット
Rumi's Concoction,ルミの調合薬
Sin's Rebirth,シンの転生
Soul Catcher,ソウル・キャッチャー
Soul Ripper,ソウル・リッパー
Taste of Hate,テイスト・オブ・ヘイト
The Overflowing Chalice,溢れる聖杯
The Sorrow of the Divine,神の悲しみ
The Wise Oak,賢き樫の木
The Writhing Jar,うごめく瓶
Vessel of Vinktar,ヴィンクターの器
Witchfire Brew,ウィッチファイア・ブリュー
Zerphi's Last Breath,ゼルフィの最後の息吹
Anatomical Knowledge,解剖学的知識
Ancient Waystones,古代のウェイストーン
Apparitions,幻影
To Dust,塵と化す
Assassin's Haste,暗殺者の早足
Atziri's Reign,アジリの支配
Blood Sacrifice,血の犠牲
Brawn,ブローン
Brittle Barrier,脆い障壁
Brutal Restraint,残虐なる抑制
Brute Force Solution,力ずくの解決策
Fortified Legion,補強された軍団
Careful Planning,注意深い計画
Cheap Construction,安価な建設
Chill of Corruption,腐敗の冷気
Clear Mind,澄んだ精神
Coated Shrapnel,コーテッド・シュラプネル
Cold Steel,コールド・スティール
Collateral Damage,副次的損害
Combat Focus,戦闘集中
Combustibles,可燃物
Conqueror's Efficiency,征服者の効率
Conqueror's Longevity,征服者の長寿
Conqueror's Potency,征服者の効力
Corrupted Energy,コラプトしたエネルギー
Dead Reckoning,死の計算
Divide and Conquer,分割と征服
Efficient Training,効率的な訓練
Eldritch Knowledge,エルドリッチの知識
Elegant Hubris,優雅なる傲慢
Emperor's Cunning,皇帝の狡猾
Emperor's Mastery,皇帝の熟達
Emperor's Might,皇帝の力
Emperor's Wit,皇帝の機知
Energised Armour,エナジャイズドアマー
Energy From Within,内なるエネルギー
Fertile Mind,肥沃な精神
Fevered Mind,熱狂的な精神
Fight for Survival,生き残りをかけた戦い
Fireborn,炎生まれ
First Snow,初雪
Fluid Motion,流動的な動き
Fortress Covenant,要塞の盟約
Fragile Bloom,脆い開花
Fragility,脆さ
From Dust,塵より
Frozen Trail,凍れる軌跡
Glorious Vanity,栄光の虚無
Grand Spectrum,グランド・スペクトラム
Growing Agony,成長する苦痛
Hair Trigger,ヘアトリガー
Hazardous Research,危険な研究
Healthy Mind,健康な精神
Hidden Potential,隠された可能性
Hungry Abyss,飢えたアビス
Inertia,イナーシャ
Inevitability,避けられぬ運命
Inspired Learning,インスパイアードラーニング
Intuitive Leap,直感的な跳躍
Izaro's Turmoil,イザロの混乱
Lethal Pride,致死なるプライド
Lioneye's Fall,ライオネの落下
Malicious Intent,悪意ある意図
Mantra of Flames,炎のマントラ
Martial Artistry,武芸の技術
Might and Influence,力と影響力
Might in All Forms,あらゆる形態の力
Might of the Meek,弱者の力
Militant Faith,軍神の信仰
Mutated Growth,変異した成長
Omen on the Winds,風の兆し
Overwhelming Odds,圧倒的な劣勢
Pacifism,パシフィズム
Pitch Darkness,漆黒
Poacher's Aim,密猟者の狙い
Powerlessness,無力
Primordial Eminence,原初の卓越
Primordial Harmony,原初の調和
Primordial Might,原始の力
Pugilist,拳闘士
Pure Talent,純粋な才能
Quickening Covenant,迅速な契約
Rain of Splinters,レイン・オブ・スプリンター
Rapid Expansion,急速な拡大
Ring of Blades,ブレードの輪
Rolling Flames,転がる炎
Sacrificial Harvest,犠牲の収穫
Self-Flagellation,自己鞭打ち
Shattered Chains,砕かれた鎖
Soul's Wick,魂の灯火
Spire of Stone,石の尖塔
Spirited Response,機敏な対応
Spirit Guards,スピリットガード
Spreading Rot,広がる腐敗
Static Electricity,静電気
Steel Spirit,スティールスピリット
Sudden Ignition,突然の発火
Survival Instincts,生存本能
Survival Secrets,サバイバルの秘訣
Survival Skills,サバイバルスキル
Tempered Flesh,鍛えられた肉体
Tempered Mind,鍛えられた心
Tempered Spirit,鍛えられた精神
The Anima Stone,魂の石
The Blue Dream,青き夢
The Blue Nightmare,青き悪夢
The Golden Rule,黄金律
The Green Dream,緑の夢
The Green Nightmare,緑の悪夢
The Long Winter,長き冬
The Red Dream,赤き夢
The Red Nightmare,赤き悪夢
The Vigil,監視者
Transcendent Flesh,超越的な肉体
Transcendent Mind,超越の精神
Transcendent Spirit,超越的な精神
Unending Hunger,終わりのない飢餓
Unnatural Instinct,不自然な本能
Unstable Payload,不安定な弾頭
Vaal Sentencing,ヴァール判決
Violent Dead,激しい死
Volley Fire,散弾射撃
Warlord's Reach,ウォーロードのリーチ
Watcher's Eye,監視者の眼
Weight of Sin,罪の重み
Weight of the Empire,帝国の重み
Wildfire,発火伝染
Winter Burial,冬の埋葬
Winter's Bounty,冬の恵み
Abberath's Horn,アベラスの角
Advancing Fortress,アドバンシング・フォートレス
Agnerod East,アグネロッド・イースト
Agnerod North,アグネロッド・ノース
Agnerod South,アグネロッド・サウス
Agnerod West,アグネロッド・ウェスト
Ahn's Might,アーンの力
Al Dhih,アル・ディフ
Allure,アリュール
Amplification Rod,アンプリフィケーション・ロッド
Apep's Rage,アペプのRage
Arakaali's Fang,アラカアリス・ファング
Arborix,アーボリックス
Ashcaller,アッシュコーラー
Atziri's Disfavour,アジリの不興
Augyre,オージャイア
Aurumvorax,オーラムヴォラックス
Axiom Perpetuum,アクシオム・ペルペチュアム
Balefire,ベイルファイア
Beltimber Blade,ベルティンバーブレード
Bino's Kitchen Knife,ビノズ・キッチンナイフ
Bitterdream,ビタードリーム
Bloodplay,ブラッドプレイ
Bloodseeker,ブラッドシーカー
Brain Rattler,脳揺らし
Breath of the Council,ブレス・オブ・ザ・カウンシル
Brightbeak,ブライトビーク
Brutus' Lead Sprinkler,ブルータスの鉛散布器
Callinellus Malleus,カリネラス・マレウス
Cameria's Avarice,カメリアの強欲
Cameria's Maul,カメリアのモール
Cane of Unravelling,解きほぐす杖
Cerberus Limb,ケルベロスの肢
Chaber Cairn,チェイバー・ケアン
Chin Sol,チン・ソル
Chitus' Needle,チタスの針
Chober Chaber,チョーバー・チェバー
Clayshaper,クレイスシェイパー
Cold Iron Point,コールドアイアン・ポイント
Corona Solaris,コロナ・ソラリス
Cybil's Paw,シビルズ・ポー
Daresso's Passion,ダレッソの熱情
Darkscorn,ダークスコーンド
Death's Hand,死の手
Death's Harp,死の竪琴
Death's Opus,デス・オプス
Debeon's Dirge,デベオンの嘆き
Disintegrator,ディスイグレイター
Divinarius,ディヴィナリウス
Doomfletch,ドゥームフレッチ
Doomfletch's Prism,ドゥームフレッチのプリズム
Doomsower,ドゥームソワー
Doon Cuebiyari,ドゥーン・キュービヤリ
Doryani's Catalyst,ドリアーニズ・カタリスト
Dreadarc,ドレッドアーク
Dreadbeak,ドレッドベーク
Dreadsurge,ドレッドサージ
Dreamfeather,ドリームフェザー
Duskdawn,ダスクダウン
Dyadus,ディアドゥス
Dying Breath,ダイイング・ブレス
Earendel's Embrace,エレンドゥールの抱擁
Eclipse Solaris,エクリプス・ソラリス
Edge of Madness,エッジ・オブ・マッドネス
Ephemeral Edge,エフェメラル・エッジ
Essentia Sanguis,エッセンシア・サングイス
Ewar's Mirage,エワーズ・ミラージュ
Fate of the Vaal,ヴァールの運命
Femurs of the Saints,聖者の大腿骨
Fencoil,フェンコイル
Fidelitas' Spike,フィデリタスのスパイク
Flesh-Eater,肉食者
Frostbreath,フロストブレス
Geofri's Baptism,ジオフリの洗礼
Geofri's Devotion,ジオフリの信心
Gorebreaker,ゴアブレイカー
Goredrill,ゴアドリル
Grelwood Shank,グレルウッドシャンク
Hand of Thought and Motion,ハンド・オブ・ソート・アンド・モーション
Hand of Wisdom and Action,知恵と行動の手
Heartbreaker,ハートブレイカー
Hegemony's Era,ヘゲモニーの時代
Hezmana's Bloodlust,ヘズマナの血の渇望
Hiltless,ヒルトレス
Hopeshredder,ホープシュレッダー
Hrimnor's Dirge,フリムノールの嘆き
Hrimnor's Hymn,フリムノーの聖歌
Hyaon's Fury,ハヤオンの激怒
Ichimonji,一文字
Infractem,インフラクテム
Innsbury Edge,インズベリー・エッジ
Iron Commander,アイアンコマンダー
Izaro's Dilemma,イザロのジレンマ
"Jack, the Axe",斧のジャック
Jorrhast's Blacksteel,ジョーラストの黒鋼
Kaom's Primacy,カオムの優位
Kingmaker,キングメーカー
Kitava's Feast,キタヴァの晩餐
Kondo's Pride,コンドーのプライド
Kongor's Undying Rage,コンゴールの不滅のRage
Lakishu's Blade,ラキシュの刃
Last Resort,ラストリゾート
Lavianga's Wisdom,ラヴィアンガの知恵
Lifesprig,ライフスプリッグ
Limbsplit,リムスプリット
Lioneye's Glare,ライオンアイの睥睨
Mark of the Doubting Knight,疑念の騎士の印
Marohi Erqi,マロヒ・エルキ
Martyr of Innocence,イノセンスの殉教者
Midnight Bargain,ミッドナイト・バーゲン
Mightflay,マイトフレイ
Mirebough,マイアボウ
Mjölner,ミョルナー
Mon'tregul's Grasp,モン'トレグルズ・グラスプ
Moonbender's Wing,ムーンベンダーの翼
Moonsorrow,ムーンソロウ
Mortem Morsu,モルテム・モルス
Nebulis,ネビュリス
Nebuloch,ネブロック
Ngamahu's Flame,ンガマフの炎
Null's Inclination,ヌルの傾倒
Nuro's Harp,ヌロズ・ハープ
Nycta's Lantern,ニクタズ・ランタン
Obliteration,オブリタレーション
Oni-Goroshi,鬼哭
Ornament of the East,東の装飾品
Oro's Sacrifice,オロの生贄
Panquetzaliztli,パンケツァリツリ
Paradoxica,パラドキシカ
Pillar of the Caged God,囚われた神の柱
Piscator's Vigil,ピスカトールの警戒
Pledge of Hands,プレッジ・オブ・ハンズ
Prismatic Eclipse,プリズマティック・エクリプス
Quecholli,ケチョーリ
Queen's Decree,クイーンズ・ディクリー
Queen's Escape,クイーンズ・エスケープ
Quill Rain,針の雨
Razor of the Seventh Sun,セブンス・サン・レイザー
Reach of the Council,リーチ・オブ・ザ・カウンシル
Realm Ender,レルム・エンダー
Realmshaper,レルムシェイパー
Reaper's Pursuit,リーパーズ・パースート
Rebuke of the Vaal,ヴァールの叱責
Redbeak,レッドビーク
Reefbane,リーフベイン
Relentless Fury,容赦なき激怒
Reverberation Rod,リバーブレーションロッド
Rigwald's Charge,リグワルドの突撃
Rigwald's Command,リグワルドの命令
Rigwald's Savagery,リグワルドの残忍性
Rive,リーヴ
Roth's Reach,ロスのリーチ
Sanguine Gambol,サンギネ・ギャンボル
Scaeva,スカーヴァ
Severed in Sleep,スリープ・イン・スリープ
Shade of Solaris,ソーラリスの影
Shimmeron,シマロン
Shiversting,シヴァースティング
Sign of the Sin Eater,シン・イーターの印
Silverbough,シルバーボウ
Silverbranch,シルバーブランチ
Singularity,シングラリティ
Sinvicta's Mettle,シンヴィクタの気概
Sire of Shards,欠片の主権
Slivertongue,スリヴァータン
Song of the Sirens,サイレンの歌
Soul Taker,魂の奪取者
Soulwrest,ソウルレスト
Spine of the First Claimant,最初の請求者の背骨
Starforge,スターフォージ
Storm Cloud,ストームクラウド
Storm Prison,ストームプリズン
Story of the Vaal,ヴァールの物語
Taproot,タップルート
Taryn's Shiver,テアレンの震え
Terminus Est,ターミナス・エスト
The Blood Reaper,ザ・ブラッドリーパー
The Blood Thorn,血の棘
The Cauteriser,カウテライザー
The Consuming Dark,貪り食う闇
The Crimson Storm,クリムゾン・ストーム
The Dancing Dervish,ダンシング・ダーヴィッシュ
The Dancing Duo,ダンシングデュオ
The Dark Seer,ザ・ダークシアー
The Enmity Divine,神聖なる敵意
The Goddess Bound,ザ・ゴッデス・バウンド
The Goddess Scorned,ザ・ゴッデス・スコーン
The Goddess Unleashed,解放された女神
The Grey Spire,グレイ・スパイア
The Gryphon,グリフォン
The Harvest,ザ・ハーベスト
The Poet's Pen,詩人のペン
The Princess,プリンセス
The Rippling Thoughts,波打つ思考
The Scourge,ザ・スカージ
The Screaming Eagle,叫ぶ鷲
The Searing Touch,焼けつく手触り
The Stormheart,ストームハート
The Stormwall,ストームウォール
The Supreme Truth,ザ・スプリーム・トゥルース
The Tempest,テンペスト
The Tempestuous Steel,テンペストゥアス・スティール
The Wasp Nest,ワスプ・ネスト
The Whispering Ice,囁く氷
Tidebreaker,タイドブレーカー
Touch of Anguish,アングィッシュの接触
Tremor Rod,トレマーロッド
Trypanon,トリパノン
Tulborn,トゥルボーン
Tulfall,タルフール
Twyzel,トワイゼル
Ungil's Gauche,ウンギルズ・ゴーシュ
United in Dream,ドリーム・ユナイテッド
Uul-Netol's Embrace,ウール・ネトルの抱擁
Uul-Netol's Kiss,ウル・ネトールの接吻
Varunastra,ヴァルナストラ
Void Battery,ヴォイドバッテリー
Voidforge,ヴォイドフォージ
Voidhome,ヴォイドホーム
Voltaxic Rift,ボルタキシック・リフト
Vulconus,ヴァルケナス
White Wind,ホワイトウィンド
Wideswing,ワイドスウィング
Widowmaker,ウィドウメーカー
Wildslash,ワイルドスラッシュ
Windripper,ウィンドリッパー
Wings of Entropy,エントロピーの翼
Xirgil's Crank,シアギルズ・クランク
Xoph's Inception,ショフィの創始
Xoph's Nurture,ショフィの育成
Farsight,ファイトサイト
Terror,テラー
Vampire's Might,ヴァンパイアの力
The Naming Temporary,ザ・ネーミング・テンポラリー
Zerphi's Youth,ゼルフィの若さ
Underdog's Fury,アンダードッグの怒り
Thread of Hope,希望の糸
Replica Conqueror's Efficiency,レプリカ征服者の効率
Replica Fragile Bloom,レプリカ脆き脆き開花
Replica Blood Sacrifice,レプリカ血の犠牲
Replica Primordial Might,レプリカ原始の力
Cannibalistic Habits,共食いの習慣
Hotheaded,燃え上がる怒り
Specialised,特化した
Miser of Misery,悲惨の吝嗇家
Choking Ash,窒息する灰
Straight and True,真っ直ぐで真実
Replica Hotheaded,レプリカ・ホットヘッド
Replica Pure Talent,レプリカ・純粋な才能
Replica Cheap Construction,レプリカ・安価な建設
Lord of Steel,鋼の支配者
Selfless Leadership,無私のリーダーシップ
Boundless Grasp,果てなき掌握
Replica Reckless Defence,レプリカ 無謀なる防御
Replica Unstable Payload,レプリカ 不安定な弾頭
Endless Misery,果てなき苦痛
Apex Mode,頂点モード
Nadir Mode,底点モード
Split Personality,分裂した個性
Voices,声
Megalomaniac,メガロマニアック
One With Nothing,無と一体
Kitava's Teachings,キタヴァの教え
The Interrogation,拷問
Calamitous Visions,破滅的な幻視
Natural Affinity,自然な親和性
The Siege,包囲網
Child of Violence,暴力の子
The Front Line,最前線
Tear of Entropy,エントロピーの涙
Meginord's Vigour,メギノーズ・ヴィガー
Honourhold,オナーホールド
Ullr's Advent,ウルルの到来
Demigod's Immortality,デミゴッドの不滅
Hands of the High Templar,ハイ・テンプラーの手
Crown of the Inward Eye,内なる眼の王冠
The Ivory Tower,象牙の塔
Painseeker,ペインシーカー
Eye of Malice,悪意の眼
Perfidy,背信行為
Algor Mortis,アルゴル・モルティス
Assailum,アセイラム
Beacon of Madness,狂気の灯火
Doryani's Prototype,ドリヤニの試作品
Abhorrent Interrogation,忌まわしき尋問
Great Old One's Tentacles,グレート・オールド・ワンの触手
Fleshcrafter,フレッシュクラフター
The Tempest's Liberation,テンペストの解放
Forbidden Shako,禁断のシャコ
Plume of Pursuit,追跡者の羽根飾り
Corpsewalker,死体歩き
Replica Lioneye's Paws,レプリカ・ライオネイズ・ポーズ
Replica Abyssus,レプリカ・アビスス
Replica Atziri's Acuity,レプリカ・アジリの鋭敏
Replica Kalisa's Grace,レプリカ・カリサの恵み
Replica Ambu's Charge,レプリカ・アンブのチャージ
Replica Shroud of the Lightless,レプリカ・シャウド・オブ・ザ・ライトレス
Maw of Mischief,マウ・オブ・ミシチフ
Replica Kaom's Heart,レプリカ・カオムの心臓
Expedition's End,エクスペディションズ・エンド
Replica Perfect Form,レプリカ・パーフェクト・フォーム
Replica Loreweave,レプリカ・ロアウィーブ
Replica Three-step Assault,レプリカ・スリーステップ・アサルト
Replica Allelopathy,レプリカ・アレルパシー
Replica Alpha's Howl,レプリカ・アルファズ・ハウ
Replica Forbidden Shako,レプリカ・フォービドゥン・シャコ
Replica Restless Ward,レプリカ・レストレス・ウォード
Replica Farrul's Fur,レプリカ・ファルルズ・ファー
Replica Eternity Shroud,レプリカ・エターニティ・シュラウド
Replica Alberon's Warpath,レプリカ・アルベロンズ・ウォークパス
Replica Stampede,レプリカ・スタンペード
Replica Voidwalker,レプリカ・ボイドウォーカー
Replica Grip of the Council,レプリカ・グリップ・オブ・ザ・カウンシル
Replica Volkuur's Guidance,レプリカ・ボルクアーズ・ガイダンス
Replica Leer Cast,レプリカ・リア・キャスト
Willclash,ウィルクラッシュ
Replica Red Trail,レプリカ・赤の軌跡
Replica Bones of Ullr,レプリカ・ウルズの骨
Replica Inya's Epiphany,レプリカ・イニヤの啓示
Replica Veil of the Night,レプリカ・ヴェール・オブ・ザ・ナイト
Mercenary's Lot,傭兵の領分
Blunderbore,ブランダーボア
The Admiral,ジ・アドミラル
Crest of Desire,クレスト・オブ・デザイア
The Fledgling,ザ・フリジリング
Legacy of Fury,レガシー・オブ・フューリー
Hand of the Fervent,ハンド・オブ・ザ・ファーベント
Ancient Skull,エンシェント・スカル
Viridi's Veil,ヴィリディスのヴェール
Doppelgänger Guise,ドッペルゲンガー・ガイズ
Blood of Summer,夏の血
Rust of Winter,冬の錆
Splinter of the Moon,月の破片
Thunder of the Dawn,夜明けの雷
Vestige of Divinity,神性の痕跡
Fragment of Eternity,永遠の断片
Relic of the Cycle,サイクルのレリック
Scar of Fate,運命の傷跡
The Black Cane,ブラック・ケイン
The Saviour,救世主
The Surging Thoughts,高まる思考
The Yielding Mortality,屈服する死
Witchhunter's Judgment,魔女狩りの審判
Law of the Wilds,法の野性
Replica Iron Commander,レプリカ・アイアン・コマンダー
Actum,アクタム
Replica Bitterdream,レプリカ・ビタードリーム
The Iron Mass,アイアン・マス
Replica Soul Taker,レプリカ・ソウルテイカー
Replica Harvest,レプリカ・ハーベスト
Replica Quill Rain,レプリカ・クイルレイン
Replica Windripper,レプリカ・ウィンドリッパー
Replica Bloodplay,レプリカ・ブラッドプレイ
Replica Ungil's Gauche,レプリカ・ウンギルのゴーシュ
Replica Cold Iron Point,レプリカ・コールドアイアン・ポイント
Replica Paradoxica,レプリカ・パラドキシカ
Replica Tempestuous Steel,レプリカ・テンペストゥアス・スティール
Replica Innsbury Edge,レプリカ・インズベリー・エッジ
Replica Last Resort,レプリカ・ラストリゾート
Replica Heartbreaker,レプリカ ハートブレイカー
Replica Dreamfeather,レプリカ ドリームフェザー
Replica Earendel's Embrace,レプリカ エアレンデルの抱擁
Replica Oro's Sacrifice,レプリカ オロの生贄
Replica Tulfall,レプリカ トゥルフォール
Replica Blood Thorn,レプリカ ブラッドソーン
Replica Advancing Fortress,レプリカ アドバンシングフォートレス
Replica Allure,レプリカ アリュール
Replica Frostbreath,レプリカ フロストブレス
Replica Trypanon,レプリカ トリパノン
Replica Duskdawn,レプリカ ダスクドーン
Replica Fencoil,レプリカ フェンコイル
Replica Twyzel,レプリカ トワイゼル
Replica Midnight Bargain,レプリカ ミッドナイトバーゲン
Replica Kongor's Undying Rage,レプリカ コンゴールの不滅のRage
Replica Nebulis,レプリカ ネビュリス
Replica Wings of Entropy,レプリカ エントロピーの翼
Replica Infractem,レプリカ インフラクテム
The Hidden Blade,隠された刃
The Fulcrum,支点
Demigod's Authority,半神の権威
Goblinedge,ゴブリンエッジ
Sidhebite,シードバイト
Replica Atziri's Foible,レプリカ アツィリの愚行
Fury Valve,フューリーバルブ
Willowgift,ウィローギフト
Replica Karui Ward,レプリカ カルーイの護符
Replica Hyrri's Truth,レプリカ ヒリの真実
The Ephemeral Bond,儚き絆
Frost Unbroken,霜の途切れぬ
Replica Winterheart,レプリカ・ウィンターハート
Leadership's Price,指導者の対価
The Felbog Fang,フェルボグの牙
Retaliation Charm,報復のチャーム
Replica Doedre's Damning,レプリカ・ドエドレの呪い
Fated End,運命の終焉
The Highwayman,ハイウェイマン
Astral Projector,アストラルプロジェクター
Storm Secret,嵐の秘密
Replica Tasalio's Sign,タサリオの印（レプリカ）
Warrior's Legacy,戦士の遺産
Replica Emberwake,レプリカ・燃え盛る目覚め
Blackflame,黒い炎
Profane Proxy,冒涜の代理人
Replica Malachai's Artifice,レプリカ・マラカイの策略
Replica Voideye,レプリカ・ヴォイドアイ
Rotblood Promise,腐敗血の誓約
Chains of Time,時の鎖
Replica Prismweave,レプリカ・プリズムウィーブ
Chains of Emancipation,解放の鎖
Replica Bated Breath,レプリカ・息をのむ
Leash of Oblation,奉納の鎖
Bear's Girdle,熊のベルト
Replica Headhunter,レプリカ・ヘッドハンター
Pyroshock Clasp,パイロショック・クラスプ
Mother's Embrace,母の抱擁
Replica Siegebreaker,レプリカ・包囲破壊者
Survivor's Guilt,生存者の罪悪感
The Torrent's Reclamation,激流の奪還
Replica Soul Tether,レプリカ・ソウルテザー
The Druggery,薬屋
Arn's Anguish,アーンの苦悶
Olesya's Delight,オレシャの喜び
Graven's Secret,グレイヴンの秘密
Acton's Nightmare,アクトンズ・ナイトメア
The Coward's Trial,臆病者の試練
Maelström of Chaos,混沌の渦
Mao Kun,マオ・クン
Olmec's Sanctum,オルメックの聖域
Poorjoy's Asylum,プアジョイの精神病院
Vaults of Atziri,アジリの金庫
Death and Taxes,死と税金
Untainted Paradise,汚されざる楽園
Oba's Cursed Trove,オバの呪われた宝箱
Whakawairua Tuahu,ワカワイルア・トゥアウ
Hall of Grandmasters,グランドマスターの広間
Remnant of Empires,帝国の残滓
BlackGuardz,ブラックガーヅ
Wraeclast Pantheon,ラエクラストの万神殿
Convent of the Twins' Flame,双子の炎の修道院
Slivers of Providence,摂理の破片
Sandstorm Visage,砂嵐の容貌
The Vinktar Square,ヴィンクター広場
"Caer Blaidd, Wolfpack's Den",カー・ブライド、狼群の巣
The Perandus Manor,ペランダス邸
The Putrid Cloister,腐敗した回廊
The Beachhead,ビーチヘッド
Pillars of Arun,アルンの柱
The Twilight Temple,黄昏の寺院
The Eternal Struggle,永遠の闘争
Doryani's Machinarium,ドリアニの機械室
Atziri's Vessel,アジリの器
Cortex,コーテックス
Altered Distant Memory,変質した遠い記憶
Augmented Distant Memory,増強された遠い記憶
Twisted Distant Memory,歪んだ遠い記憶
Rewritten Distant Memory,書き換えられた遠い記憶
Manastorm,マナストーム
Mistwall,ミストウォール
Stalwart Defenders,不屈の守護者
Misinformation,誤情報
Irresistable Temptation,抗いがたい誘惑
Territories Unknown,未知の領域
War Among the Stars,星々の戦争
Booming Populace,隆盛する民衆
Emperor's Vigilance,皇帝の警戒
The Immortal Will,不死なる意志
The Shattered Divinity,砕かれた神性
Scorpion's Call,サソリの呼び声
Infused Beachhead,注入されたビーチヘッド
Replica Sorrow of the Divine,レプリカ 嘆きの神
Replica Tukohama's Fortress,レプリカ トゥコハマの要塞
Replica Maloney's Mechanism,レプリカ マロニーの機構
Replica Soul Strike,レプリカ ソウルの打撃
Replica Mistwall,レプリカ ミストウォール
Replica Victario's Charity,レプリカ ヴィクトリオの慈善
Replica Lavianga's Spirit,レプリカ ラヴィアンガの魂
Replica Rumi's Concoction,レプリカ ルミの薬
Replica Cortex,レプリカ コーテックス
Replica Pillars of Arun,レプリカ アルンの柱
Replica Poorjoy's Asylum,レプリカ プアジョイの精神病院
Font of Thunder,雷の泉
Shattershard,シャターシャード
Contract: Jamanra's Rest,契約：ジャマンラの休息地
Contract: Breaking the Unbreakable,契約：砕けぬものを砕く
Contract: Heart of Glory,契約：栄光の心臓
Contract: The Slaver King,契約：奴隷王
Contract: Death to Darnaw,契約：ダルナウに死を
Contract: The Twins,契約：双子
The Ghastly Theatre,忌まわしき劇場
Qotra's Regulator,コトラの調整器
The Vast Horizon,広大な地平線
The Walls,壁
The Claim,主張
The Builder,建築者
The Closest Peak,最も近い頂
Restless Cycles,絶え間ないサイクル
The False Hope,偽りの希望
Atop the Atlas,アトラスの頂
Usurper's Penance,座を奪う者の苦行
Glimpse of Chaos,混沌の片鱗
Hateforge,ヘイトフォージ
Temptation Step,テンプテーション・ステップ
Faithguard,フェイスガード
Cadigan's Crown,カディガンズ・クラウン
Nightgrip,ナイトグリップ
Medved's Challenge,メドヴェッズ・チャレンジ
Vorana's March,ヴォラナの行進
Olroth's Charge,オルロスのチャージ
Cane of Kulemak,クーラマクの杖
Atziri's Rule,アッツィリの統治
Yaomac's Accord,ヤオマックの協定
Relic of the Pact,盟約のレリック
Triumvirate Authority,三頭政治の権威
Seething Fury,煮え滾る憤激
Mahuxotl's Machination,マフゾトールの陰謀
The Scales of Justice,正義の天秤
Tecrod's Gaze,テクロッドの凝視
Ulaman's Gaze,ウラマンの凝視
Amanamu's Gaze,アマナムの凝視
Steelworm,スティールワーム
Kurgal's Gaze,クルガルの凝視
Olroth's Resolve,オルロスの決意
Starlight Chalice,星明かりの聖杯
Elixir of the Unbroken Circle,不壊の円の霊薬
Vorana's Preparation,ヴォラナの準備
Stasis Prison,ステイシス・プリズン
Gravebind,グレーヴバインド
Stranglegasp,ストラングルガスプ
Uul-Netol's Vow,ウル＝ネトルの誓い
Band of the Victor,勝利者の帯
Mageblood,メイジブラッド
The Squire,ザ・スクワイア
The Oppressor,圧制者
Fairgraves' Bearing,フェアグレイブの態度
Stormblast,ストームブラスト
Bartek's Finger,バルテックの指
Boreal Shepherd,ボレアル・シェパード
Celestial Fragment,天体の断片
Ironweld,アイアンウェルド
Alkem Eira,アルケム・エイラ
Death Rattle,死の震え
Ghostmarch,ゴーストマーチ
Santoni's Faith,サントニの信仰
Mana Sponge,マナスポンジ
The Rathorn,ザ・ラスホーン
Leviathan Ivory,リヴァイアサンアイボリー
Deadman's Hand,デッドマンズ・ハンド
Vizaru's Folly,ビザルズ・フォリー
Arimagius' Honor,アリマギウス・オナー
Wurmfist,ワー厶フィスト
Dewath's Hide,デューウェス・ハイド
Disjunction,ディスジャンクション
The Learning Stone,学びの石
Duskwing,ダスクウィング
Spiritskin,スピリッツキン
Rumblemarch,ランブルマーチ
Felltooth,フェルス・トゥース
Mordhau,モルドハウ
Pagan Geis,ペイガン・ゲイス
Prospero's Vault,プロスペローズ・ヴォールト
First Piece of the Arcane,秘術の第一片
Second Piece of the Arcane,秘術の第二片
Third Piece of the Arcane,秘術の第三片
First Piece of Focus,集中力の第一片
Second Piece of Focus,集中力の第二片
Third Piece of Focus,フォーカスの第三の断片
Fourth Piece of Focus,フォーカスの第四の断片
First Piece of Brutality,ブルータリティの第一の断片
Second Piece of Brutality,ブルータリティの第二の断片
Third Piece of Brutality,ブルータリティの第三の断片
First Piece of Time,時の第一の断片
Second Piece of Time,時の第二の断片
First Piece of Directions,方向の第一の断片
Second Piece of Directions,方向の第二の断片
Third Piece of Directions,方向の第三の断片
First Piece of Storms,嵐の第一の断片
Second Piece of Storms,嵐の第二の断片
Third Piece of Storms,嵐の第三の断片
Borrowed Power,ボロード・パワー
The Rack,拷問台
Bloodletter,ブラッドレター
Galla's Riposte,ギャラのカウンターアタック
Sands of Shakari,シャカリの砂
Lawbreaker,法を破る者
Malachai's Brilliance,マラカイの輝き
Toxic Vapours,有毒な蒸気
Waycarver,ウェイカーヴァー
Irresistible Temptation,抗いがたい誘惑
Ungils's Coil,ウンギルのコイル
Stillwater,スティルウォーター
Battlehaste,バトルヘイスト
Unearth Threshold,掘り起こしの閾値
Melding of the Flesh,肉体の融合
Crystallised Omniscience,結晶化した全能
Sudden Dawn,サドン・ドーン
The Annihilating Light,殲滅の光
Dissolution of the Flesh,肉体の溶解
Polaric Devastation,極地の壊滅
Forbidden Flame,禁断の炎
Forbidden Flesh,禁断の肉体
Ceaseless Feast,シーズレス・フィースト
Inextricable Fate,イネクストリケブル・フェイト
The Gluttonous Tide,貪欲な潮流
Black Zenith,ブラック・ゼニス
Divine Inferno,神聖なる炎
Dawnbreaker,夜明けの破壊者
The Hollow-Eyed Skull,窪んだ目の頭蓋骨
The Basilisk,バジリスク
The Angel of Vengeance,復讐の天使
The Burden of Truth,真実の重荷
Echoes of Creation,エコーズ・オブ・クリエーション
Call of the Void,虚無の呼び声
Sublime Vision,崇高なる幻視
The Epiphany,エピファニー
The Twisted Trinity,歪んだトリニティ
The Unbridled Tempest,手綱を解かれた嵐
The Narcissist,ナルシシスト
The Depraved,堕落者
The Raging Inferno,猛り狂う業火
Insomnia,不眠症
The Megalomaniac,誇大妄想狂
The Arbiter,調停者
The Infested,巣食われた者
Escalation,エスカレーション
The Benefactor,恩人
The Torturer,拷問者
The Ancient Angler,古の釣り人
Kaom's Spirit,カオムの魂
Soul Ascension,ソウル・アセンション
Ghostwrithe,ゴーストライズ
The Tower of Ordeals,試練の塔
Kalandra's Touch,カランドラの接触
Thrillsteel,スリルスティール
The Poised Prism,均衡のプリズム
Elevore,エレボアー
Will of Chaos,混沌の意志
Ignominious Fate,不名誉な運命
Victorious Fate,勝利の運命
Deadly End,致命的な結末
Rory's Revengance,ロリーのリベンジャンス
Mark2's Mastery,マーク2の熟練
Robbie's Rotten Mace,ロビーの腐敗したメイス
Carl's Crusher,カールのクラッシャー
DrTestapus' Charm,ドクターテスタプスのチャーム
Maligaro's Etcher,マリガロのエッチャー
The Warlord's Annex,軍閥の別館
Annihilation's Approach,アナイアレーションズ・アプローチ
Anathema,アナテマ
Eternal Damnation,永遠の破滅
Progenesis,プロジェネシス
Witchbane,ウイッチベイン
Entropic Devastation,エントロピック・デヴァステーション
Rational Doctrine,合理的教義
Firesong,炎の歌
Stormshroud,ストームシュラウド
Oriath's End,オリアスの終焉
Dawnstrider,ドーンストライダー
The Winds of Fate,運命の風
The Balance of Terror,恐怖の均衡
Echoforge,エコーフォージ
Wilma's Requital,ウィルマス・リクィタル
Doedre's Tongue,ドエドレの舌
Immutable Force,不変の力
The Gilded Chalice,金めっきの聖杯
The Second Sacrament,第二の秘跡
The Hour of Divinity,神聖の時
The Night Lamp,夜のランプ
The Broken Censer,壊れた香炉
The First Crest,第一の紋章
The Original Scripture,原初の聖典
Original Sin,原罪
Stormseeker,ストームシーカー
Ancestral Vision,祖霊の幻視
Tainted Pact,汚染された契約
Blood Price,血の対価
Widowhail,ウィドウヘイル
El'Abin's Visage,エル・アビンのヴィザージ
Soulbound,ソウルバウンド
Bloodnotch,ブラッドノッチ
Tanu Ahi,タヌ・アヒ
The Geomantic Gyre,ジオマンティックジャイア
The Redblade,レッドブレード
Ceinture of Benevolence,慈悲のベルト
Bloodsoaked Medallion,血に染まったメダリオン
The Fourth Vow,ザ・フォース・ヴァウ
Orbala's Stand,オルバラのスタンド
Chain of Endurance,耐久の鎖
Bound Fate,確かな運命
Ikiaho's Promise,イキアホの誓い
Maata's Teaching,マアタの教え
Tawhanuku's Timing,タウハヌクのタイミング
Kahuturoa's Certainty,カフトゥロアの確信
Kaom's Binding,カオムの束縛
Akoya's Gaze,アコヤの凝視
Rakiata's Dance,ラキアタの舞
Ahuana's Bite,アフアナの噛みつき
Kiloava's Bluster,キロアヴァの虚勢
Utula's Hunger,ウトゥーラの飢え
Defiance of Destiny,運命への反抗
Honoured Alliance,名誉ある同盟
Warrior's Tale,戦士の物語
Replica Dragonfang's Flight,竜の牙の飛翔（レプリカ）
The Blood of Innocence,無垢の血
The Chains of Castigation,鎖の懲罰
The Power and the Promise,力と約束
The Trickster's Smile,トリックスターの微笑み
Pragmatism,プラグマティズム
The Untouched Soul,手付かずの魂
Replica Covenant,契約（レプリカ）
Replica Badge of the Brotherhood,一党の記章（レプリカ）
Ixchel's Temptation,イシュチェルの誘惑
Gamblesprint,ギャンブルスプリント
The Burden of Shadows,影の重荷
That Which Was Taken,奪われたもの
Nametaker,ネームテイカー
The Flawed Refuge,欠陥のある避難所
The Adorned,飾り立てられしもの
Replica Hinekora's Sight,ヒネコラの視界（レプリカ）
Replica Heatshiver,ヒートシヴァー（レプリカ）
Replica Hyrri's Ire,ハイリの怒り（レプリカ）
Replica Witchfire Brew,ウィッチファイヤーの醸造（レプリカ）
Replica Pacifism,平和主義（レプリカ）
Replica Fragility,虚弱（レプリカ）
Replica Powerlessness,無力（レプリカ）
Ambition,野心
Cooperation,協力
Beauty,美
Curiosity,好奇心
The Tides of Time,時の潮流
The Celestial Brace,ザ・セレステイアル・ブレイス
Ravenous Passion,貪欲な情熱
Nevalius Inheritance,ネヴァリウスの相続
The Perandus Pact,ペランダスの協定
Grace of the Goddess,女神の恩寵
The Hand of Phrecia,フレシアの手
Veruso's Ambition,ヴェルーソの野望
Grattus Signet,グラッタスの印章
The Apostate,背教者
The Devourer of Minds,精神を貪る者
The Tempest Rising,高まる嵐
The Utmost,最高峰
Circle of Ambition,野望の環
Curio of Decay,崩壊の骨董品
Curio of Potential,潜在能力の骨董品
Curio of Consumption,消費の骨董品
Curio of Absorption,吸収のキュリオ
Wine of the Prophet,予言者のワイン
Bristleboar,毛深い猪
Innsmouth,インスマス
The Black Doubt,黒い疑念
The Endless Night,果てなき夜
The Knight-errant,放浪騎士
Winter's Bite,冬の噛みつき
Doomgate,破滅の門
Wylund's Stake,ワイランドの褒美
Erian's Cobble,エリアンの玉石
Deathrattle,死前喘鳴
Merit of Service,奉仕の真価
Kitoko's Current,キトコの流れ
Corpsewade,コープスウェード
Sands of Silk,絹の砂
The Last Flame,最後の炎
Apron of Emiran,エミレの前掛け
Treefingers,ツリーフィンガーズ
Couture of Crimson,紅のクチュール
The Wailing Wall,嘆きの壁
Wulfsbane,ウルフスベイン
Hoghunt,豚狩り
Gloomform,暗がりの姿
The Barrow Dweller,古墳の住人
Radiant Grief,輝く嘆き
Dusk Vigil,夕闇の番
Enfolding Dawn,包み込む夜明け
Sanguine Diviner,血の占い棒
Enezun's Charge,エネズンの突撃
Igniferis,イグニフェリス
Ligurium Talisman,リグリウムの魔除け
Nighthowl,ナイトハウール
Rondel of Fragility,脆弱のロンデル
Fixation of Yix,イクスの凝視
Beacon of Azis,アジスの標
Fireflower,ファイアフラワー
Idol of Uldurn,ウルダーンの偶像
The Everlasting Gaze,不朽の眼差し
Revered Resin,敬われし樹脂
Surefooted Sigil,確かな足取りの印章
Goregirdle,ゴアガードル
Spirit Link,スピリットリンク
Silverpoint,シルバーポイント
Waistgate,ウェイストゲート
Cat O' Nine Tails,キャット・オナインテイルズ
Midnight Braid,真夜中の組紐
Shavronne's Satchel,シャヴロンの鞄
Victario's Study,ビクトリオの書斎
Keelhaul,竜骨くぐり
Birthright Buckle,遺産のバックル
Infernoclasp,地獄の留め金
Dustbloom,ダストブルーム
Quatl's Molt,クアトルの換羽
The Dancing Mirage,舞う蜃気楼
Redflare Conduit,緋炎の導管
Zerphi's Serape,ゼルフィのセラーペ
The Velvet Orchestra,ベルベットオーケストラ
Necromantle,ネクロマントル
Prayers for Rain,雨乞い
Tetzlapokal's Desire,テツラポカルの欲望
Blackbraid,黒い組紐
Edyrn's Tusks,エディルンの牙
Titanrot Cataphract,タイタンロットのカタフラクト
Coat of Red,赤のコート
Irongrasp,アイアングラスプ
Pariah's Embrace,パーリアの抱擁
Widow's Reign,未亡人の統治
Husk of Dreams,夢の殻
Waveshaper,ウェーブシェイパー
Briarpatch,ブライアパッチ
Sibling Rivalry,兄弟喧嘩
Powertread,パワートレッド
Legionstride,リージョンストライド
Trampletoe,踏みつぶす爪先
Birth of Fury,怒りの誕生
Obern's Bastion,オバーンの砦
Shankgonne,シャンクゴンヌ
Timberwolf,ティンバーウルフ
Falling Snow,降る雪
Ironbound,鉄縛り
Splinterheart,スプリンターハート
Dealer's Hand,ディーラーの手
Mist Whisper,霧の囁き
Rampart Raptor,城壁の略奪者
Melting Maelstrom,溶解する大渦
Svalinn,スヴァリン
Keeper of the Arc,弧の守りて
Olrovasara,オルロヴァサラ
Threaded Light,光の糸
Effigy of Cruelty,残酷の人型
Carrion Call,死体の呼び声
Northpaw,北の脚
Grip of Winter,冬の掌握
Idle Hands,暇人の手
Plaguefinger,疫病の指
Killjoy,キルジョイ
Painter's Servant,画家の従者
Candlemaker,キャンドルメーカー
Nightscale,ナイトスケール
Dreadfist,ドレッドフィスト
Jarngreipr,ヤールングレイプル
Deathblow,デスブロー
Aerisvane's Wings,エーリスヴェインの翼
Constricting Command,締め付ける命令
Visage of Ayah,アーヤの容貌
Forbidden Gaze,禁断の眼差し
Atziri's Disdain,アッツィリの軽蔑
Wings of Caelyn,ケイリンの翼
Corona of the Red Sun,赤き太陽のコロナ
Gravis Grimace,グラビス・グリマス
Greymake,グレイメイク
The Smiling Knight,微笑む騎士
The Vile Knight,卑劣な騎士
Crown of the Victor,勝者の冠
Bronzebeard,青銅の髭
Cornathaum,コーナサウム
The Deepest Tower,最深の塔
Brynhand's Mark,ブリンハンドの印
Pulpit Pulper,パルピットパルパー
Trenchtimbre,トレンチティンバー
Sculpted Suffering,彫刻されし苦痛
Seeing Stars,見つめる星
Goldshaper,ゴールドシェイパー
Bluetongue,ブルータン
Solus Ipse,唯我
Sine Aequo,不平等
Ab Aeterno,永遠から
The Sentry,哨兵
Matsya,マーツヤ
Nazir's Judgement,ナズィルの審判
Wax and Wane,ワックス・アンド・ウェイン
Polcirkeln,プールシルケルン
The Burrower,潜る者
Vigilant View,警戒の目
Evergrasping Ring,貪欲の指輪
Perandus Seal,ペランダスの印鑑指輪
Prized Pain,尊ばれし苦痛
Glowswarm,グロウスウォーム
Seed of Cataclysm,災厄の種子
Cracklecreep,クラックルクリープ
Blistering Bond,焼け付く絆
Blessed Bonds,祝福されし絆
Rhea's Rhythm,レアのリズム
Font of Power,力の源泉
Heartseeker,ハートシーカー
Dunkelhalt,ダンケルハルト
Calgyra's Arc,カルジャイラの弧
Sunsplinter,サンスプリンター
Nocturne,夜想曲
Rondel De Ezo,ロンデル・デ・エゾ
Bloodbarrier,血の関門
Silverthorne,シルバーソーン
Mageguard,メイジガード
Dionadair,ディオナデア
Wings of Vastiri,ウィングス・オブ・ヴァスティリ
Window to Paradise,楽園への窓
Arvil's Wheel,アルヴィルの車輪
Feathered Fortress,羽根付き要塞
Oaksworn,楢の誓い
Crest of Ardura,アードゥラの紋章
Herald of Wraeclast,ウィーラックストのヘラルド
Earthbound,アースバウンド
Grimgrasp,グリムグラップ
Trephina,トレフィナ
The Empty Roar,虚ろな咆哮
Shyaba,シャバ
Zerphi's Genesis,ゼルフィの誕生
The Wicked Quill,邪悪な針
Rod of Enervation,衰弱のロッド
Serpent's Egg,蛇の卵
The Mutable Star,通変星
The Eternal Spark,永遠の火花
The Dark Defiler,闇の冒涜者
Bushwhack,ブッシュワック
Horns of Bynden,ビンデンの角笛
Luminous Pace,輝かしい歩調
The Hollow Mask,虚ろの仮面
Circle of Protection,プロテクションの円環
Wandering Reliquary,彷徨う遺物箱
Collapsing Horizon,崩壊する地平線
Sacred Flame,聖なる炎
Atsak's Sight,アツァクの視野
Thunderstep,サンダーステップ
Garuk's Current,ガルクの電流
Ironride,アイアンライド
Bitterbloom,ビターブルーム
Sierran Inheritance,シエラの遺産
Myris Uxor,ミリスの細君
Mask of the Sanguimancer,操血術師の仮面
Blueflame Bracers,蒼炎の籠手
Serpent's Lesson,蛇の学習
Whisper of the Brotherhood,一党の囁き
Levinstone,レヴィンストーン
Byrnabas,バーナバス
Guiding Palm of the Heart,心の導きの掌
Morior Invictus,不屈なる者として死す
Temporalis,テンポラリス
Sekhema's Resolve,セケマの決意
Beetlebite,ビートルバイト
Beyond Reach,手の届かぬ所
Heroic Tragedy,英雄の悲劇
From Nothing,虚空より来たる
Controlled Metamorphosis,制御されし変態
Prism of Belief,信仰のプリズム
Against the Darkness,闇との対立
The Remembered Tales,記憶された物語
The Peacemaker's Draught,調停者の杯
The Desperate Alliance,必死の同盟
The Burden of Leadership,指導者の重荷
The Changing Seasons,移りゆく季節
Ingenuity,創造力
Strugglescream,ストラグルスクリーム
Skysliver,スカイシルバー
INCOMPLETE,未完成
Splinter of Lorrata,ロラッタの破片
Daevata's Wind,ダイヴァータの風
Tyranny's Grip,圧政の手
Chainsting,チェインスティング
Demigod's Virtue,半神の美徳
The Hammer of Faith,信仰の鎚
The Road Warrior,道の戦士
Demigod's Duty,デミゴッドの義務
Demigod's Loyalty,デミゴッドの忠誠
Demigod's Valor,デミゴッドの勇気
Demigod's Fortitude,デミゴッドの剛健
Demigod's Judgement,半神の裁き
Saitha's Spear,サイザの槍
Beira's Anguish,ベイラの苦悶
The Fall of the Axe,斧の一振り
The Grand Project,グランド・プロジェクト
Seastrider,シーストライダー
Silks of Veneration,畏敬の衣
Gloamgown,グロームガウン
The Fallen Formation,堕ちたる陣形
Sacrosanctum,サクロサンクタム
The Gnashing Sash,歯を鳴らす帯
Bursting Decay,溢れる腐敗
Death Articulated,明確な死
The Grand Design,壮大な計画
Windpiercer,ウィンドピアサー
Double Vision,複視
Rhoa Reaver,ロアリーバー
Black Vise,ブラックバイス
Leopold's Applause,レオポルドの拍手
Valako's Vice,ヴァラコの悪心
The Prisoner's Manacles,囚人の枷
Strike of Inspiration,閃きの打撃
The Lethal Draw,致死の一矢
Murkshaft,マークシャフト
Tale of the Tempest,テンペストの物語
Spire of Ire,怒りの柱
Tangletongue,タングルタン
Courtly Discord,宮廷の不和
The Black Insignia,黒の記章
Cursecarver,呪い刻み
Ngamahu's Chosen,ナマフに選ばれしもの
Breath of the Mountains,山の息吹
Valako's Roar,ヴァラコの雄叫び
For Utopia,楽園のために
Nascent Hope,希望の芽吹き
Sanguis Heroum,サングイス・ヘロウム
Arakaali's Gift,アラカーリの贈り物
The Black Cat,黒猫
Forsaken Bangle,見捨てられしバングル
Rite of Passage,通過儀礼
Bijouborne,ビジューボーン
Season of the Hunt,ハントの季節
Cruel Hegemony,クルーエル・ヘゲモニー
Freedom of Faith,信仰の自由
Forgotten By Time,時の忘れ物
Wraeclast Besieged,包囲されたウィーラックスト
Clear Skies,晴天
Visions of Paradise,パラダイスの幻影
The Last Lament,最後の悲しみ
Cadiro's Gambit,カディロの博打
Guiding Palm of the Eye,目の導きの掌
Guiding Palm of the Mind,精神の導きの掌
Adonia's Ego,アドニアのエゴ
Palm of the Dreamer,夢見人の掌
Undying Hate,不死の憎しみ
Grip of Kulemak,クーラマクの掌握
Heart of the Well,井戸の心臓
Fairgraves' Curse,フェアグレーヴスの呪い
The Unborn Lich,産まれ出でぬリッチ
Blood of the Warrior,戦士の血
Ynda's Stand,インダの抵抗
The Queller of Minds,精神を鎮めるもの
The Selfish Shepherd,利己的な羊飼い
The Hateful Accuser,憎悪する告発者
The Light of Meaning,意味の光
The Living Blade,生ける刃
Admiral's Arrogance,提督の傲慢
Tawhoa's Felling,タホアの伐採
Serle's Masterwork,セルレの最高傑作
Sap of the Seasons,四季の樹液
Mightblood Ire,マイトブラッドの怒り
Wildfire Phloem,野火の師部
The Battle Within,内なる戦い
Grasping Nightshade,束縛するベラドンナ
Kaom's Command,カオムの命令
Eye of the Djinn,ジンの目
Lone Adventurer,孤独な冒険者
Twist of Fate,運命のいたずら
Wellspring of Creation,創造の源泉
Dance of Destruction,破壊の舞
Singular Focus,唯一の焦点
Eldritch Gaze,不気味な眼差し
Wrath of the Cosmos,宇宙の怒り
Shadow Shaping,影の実体化
Extreme Archaeology,究極の考古学
Crop Rotation,輪作
Timeless Conflict,タイムレスコンフリクト
Unending Nightmare,終わらない悪夢
Immutable Dogma,変わらない教義
Arbitrary Tenets,気まぐれな信条
Endless Tide,終わりなき流れ
Speaker of the Dead,死者の話し手
Cassia's Pride,カッシアのプライド
Meticulous Appraiser,緻密な鑑定士
Lucid Dreams,明晰夢
Destructive Play,破壊的な遊戯
Bold Undertakings,大胆な事業
Gruelling Gauntlet,過酷な挑戦
Ruinous Wager,崩壊した掛け
Thorough Exploration,徹底的な探索
Black Thumb,萎れの才
Loved by the Sun,太陽の寵児
Dimensional Barrier,次元障壁
Trade Embargo,禁輸
Sealed Domain,封印されし領域
Servant of Order,秩序の従者
Fungal Remission,真菌寛解
Secular Focus,世俗への集中
Straight and Narrow,まっとうな生き方
Ominous Silence,不吉な沈黙
Smash and Grab,スマッシュ・アンド・グラブ
Crystallised Power,結晶化された力
Well Supplied,十分な補給
Perceived Greatness,偉大さの認識
Twisted Wish,歪んだ願い
Starcaller,星喚び
Prospero's Protection,プロスペロの守護
Enmity's Embrace,敵意の抱擁
Howlcrack,ハウルクラック
Scornflux,スコーンフラックス
Azadi Crest,アザディの紋章
Binds of Bloody Vengeance,血塗られた復讐の枷
Hand of Heresy,異端の手
Bound By Destiny,運命の定め
Spinehail,スパインヘイル
Squirming Terror,蠢く恐怖
The Arkhon's Tools,アルコーンの道具
Mystic Refractor,神秘の屈折器
Betrayal's Sting,裏切りの一刺し
Coiling Whisper,とぐろ巻く囁き
Venarius' Astrolabe,ヴェナリウスのアストロラーベ
Servant of Decay,腐敗の下僕
Cadigan's Authority,カディガンの権威
Legacy of the Rose,薔薇の遺産
Seven Teachings,七つの教え
The Dark Monarch,闇の王
Whispers of Infinity,無限の囁き
Bitter Instinct,厳しい野生
The Unseen Hue,見えざる色彩
Festering Resentment,強まる恨み
The Hallowed Monarch,神聖なる王
Hand of the Lords,主らの手
The Grey Wind,灰色の風
The Will of Tul,トゥルの意志
The Will of Xoph,ゾフの意志
The Will of Esh,エシュの意志
The Will of Uul-Netol,ウール・ネトルの意志
The Sundered Will,砕かれた意志
Lost Unity,失われし統一
Wing of the Wyvern,ワイバーンの翼
The Caged Mammoth,閉じ込められたマンモス
Bonemeld,ボーンメルド
Refuge in Isolation,孤立による避難
The Golden Charlatan,金色の詐欺師
Woespike,ウォースパイク
Haunting Memories,忘れられぬ記憶
The Monastery Bell,修道院の鐘
Rigwald's Hunt,リグワルドの狩り
Jiquani's Potential,ジクアニの可能性
Unlight Extant,現存する無光
Cowards' Wail,臆病者の叫び
Wellwater Phylactery,井戸水の霊瓶
Amor Mandragora,マンドラゴラの愛
Fury of the King,王の怒り
Atziri's Contempt,アッツィリの軽蔑
Flesh Crucible,肉のるつぼ
Hysseg's Claw,ヒッセグの爪
Lavianga's Spirits,ラヴィアンガの心
The Flesh Poppet,肉の呪い人形
Unforeseen Consequences,予期せぬ結果
Refiner's Bargain,精錬者の取引
Khatal's Weeping,カタルの嘆き
Khatal's Geyser,カタルの噴出
The Sands of Time,時の砂
Screams of the Desiccated,干からびた者たちの叫び
Skysunder,スカイサンダー
Fleshrender,フレッシュレンダー
The Sacred Chalice,神聖な聖杯
The Desecrated Chalice,冒涜された聖杯
Saresh's Darkness,サレシュの闇
Solerai's Radiance,ソレライの光輝
The Flame of Hope,希望の炎
The Broken Elegy,断たれた哀歌
The Bane of Hope,希望の破滅
Replica Gifts from Above,天からの恩恵 (レプリカ)
The Bandit Lord's Band,盗賊王の指輪
